,isite_i,isite_j,pattern_i,pattern_j,distance
0,0,1,0,0,3.1293227586165178
1,0,2,0,0,2.896603936418013
2,0,3,0,0,4.778318108258794
3,0,4,0,0,5.565542834677777
4,0,5,0,0,2.8205380080673637
5,0,6,0,0,4.322407486751319
6,0,7,0,0,3.1293227586165164
7,0,8,0,0,
8,0,9,0,0,
9,0,10,0,0,
10,0,11,0,0,
11,0,12,0,0,
12,0,13,0,0,
13,0,14,0,0,
14,0,15,0,0,
15,0,16,0,0,
16,0,17,0,0,
17,0,18,0,0,
18,0,19,0,0,
19,0,20,0,0,
20,0,21,0,0,
21,0,22,0,0,
22,0,23,0,0,
23,0,24,0,0,
24,0,25,0,0,
25,0,26,0,0,
26,0,27,0,0,
27,1,2,0,0,1.741997760318142
28,1,3,0,0,2.8647465022206324
29,1,4,0,0,4.378843075560892
30,1,5,0,0,2.9129815998543425
31,1,6,0,0,3.384773268609388
32,1,7,0,0,2.1787636930258534e-30
33,1,8,0,0,
34,1,9,0,0,
35,1,10,0,0,
36,1,11,0,0,
37,1,12,0,0,
38,1,13,0,0,
39,1,14,0,0,
40,1,15,0,0,
41,1,16,0,0,
42,1,17,0,0,
43,1,18,0,0,
44,1,19,0,0,
45,1,20,0,0,
46,1,21,0,0,
47,1,22,0,0,
48,1,23,0,0,
49,1,24,0,0,
50,1,25,0,0,
51,1,26,0,0,
52,1,27,0,0,
53,2,3,0,0,3.3690677919731837
54,2,4,0,0,4.238803141117913
55,2,5,0,0,3.134715798605267
56,2,6,0,0,2.8640344657466037
57,2,7,0,0,1.7419977603181422
58,2,8,0,0,
59,2,9,0,0,
60,2,10,0,0,
61,2,11,0,0,
62,2,12,0,0,
63,2,13,0,0,
64,2,14,0,0,
65,2,15,0,0,
66,2,16,0,0,
67,2,17,0,0,
68,2,18,0,0,
69,2,19,0,0,
70,2,20,0,0,
71,2,21,0,0,
72,2,22,0,0,
73,2,23,0,0,
74,2,24,0,0,
75,2,25,0,0,
76,2,26,0,0,
77,2,27,0,0,
78,3,4,0,0,2.893541268988343
79,3,5,0,0,4.315728803308549
80,3,6,0,0,1.7475697024985584
81,3,7,0,0,2.8647465022206338
82,3,8,0,0,
83,3,9,0,0,
84,3,10,0,0,
85,3,11,0,0,
86,3,12,0,0,
87,3,13,0,0,
88,3,14,0,0,
89,3,15,0,0,
90,3,16,0,0,
91,3,17,0,0,
92,3,18,0,0,
93,3,19,0,0,
94,3,20,0,0,
95,3,21,0,0,
96,3,22,0,0,
97,3,23,0,0,
98,3,24,0,0,
99,3,25,0,0,
100,3,26,0,0,
101,3,27,0,0,
102,4,5,0,0,5.561297700966153
103,4,6,0,0,3.020667421852838
104,4,7,0,0,4.378843075560892
105,4,8,0,0,
106,4,9,0,0,
107,4,10,0,0,
108,4,11,0,0,
109,4,12,0,0,
110,4,13,0,0,
111,4,14,0,0,
112,4,15,0,0,
113,4,16,0,0,
114,4,17,0,0,
115,4,18,0,0,
116,4,19,0,0,
117,4,20,0,0,
118,4,21,0,0,
119,4,22,0,0,
120,4,23,0,0,
121,4,24,0,0,
122,4,25,0,0,
123,4,26,0,0,
124,4,27,0,0,
125,5,6,0,0,4.78496059902561
126,5,7,0,0,2.912981599854343
127,5,8,0,0,
128,5,9,0,0,
129,5,10,0,0,
130,5,11,0,0,
131,5,12,0,0,
132,5,13,0,0,
133,5,14,0,0,
134,5,15,0,0,
135,5,16,0,0,
136,5,17,0,0,
137,5,18,0,0,
138,5,19,0,0,
139,5,20,0,0,
140,5,21,0,0,
141,5,22,0,0,
142,5,23,0,0,
143,5,24,0,0,
144,5,25,0,0,
145,5,26,0,0,
146,5,27,0,0,
147,6,7,0,0,3.3847732686093885
148,6,8,0,0,
149,6,9,0,0,
150,6,10,0,0,
151,6,11,0,0,
152,6,12,0,0,
153,6,13,0,0,
154,6,14,0,0,
155,6,15,0,0,
156,6,16,0,0,
157,6,17,0,0,
158,6,18,0,0,
159,6,19,0,0,
160,6,20,0,0,
161,6,21,0,0,
162,6,22,0,0,
163,6,23,0,0,
164,6,24,0,0,
165,6,25,0,0,
166,6,26,0,0,
167,6,27,0,0,
168,7,8,0,0,
169,7,9,0,0,
170,7,10,0,0,
171,7,11,0,0,
172,7,12,0,0,
173,7,13,0,0,
174,7,14,0,0,
175,7,15,0,0,
176,7,16,0,0,
177,7,17,0,0,
178,7,18,0,0,
179,7,19,0,0,
180,7,20,0,0,
181,7,21,0,0,
182,7,22,0,0,
183,7,23,0,0,
184,7,24,0,0,
185,7,25,0,0,
186,7,26,0,0,
187,7,27,0,0,
188,8,9,0,0,3.214821576422055
189,8,10,0,0,4.301349353549542
190,8,11,0,0,5.131887239234205
191,8,12,0,0,3.233088547976694
192,8,13,0,0,5.142102135445104
193,8,14,0,0,9.298913759863397e-30
194,8,15,0,0,3.233088547976698
195,8,16,0,0,
196,8,17,0,0,
197,8,18,0,0,
198,8,19,0,0,
199,8,20,0,0,
200,8,21,0,0,
201,8,22,0,0,
202,8,23,0,0,
203,8,24,0,0,
204,8,25,0,0,
205,8,26,0,0,
206,8,27,0,0,
207,9,10,0,0,3.3761014857637397
208,9,11,0,0,3.2330885479766973
209,9,12,0,0,5.131887239234206
210,9,13,0,0,4.303715145330397
211,9,14,0,0,3.214821576422056
212,9,15,0,0,5.131887239234206
213,9,16,0,0,
214,9,17,0,0,
215,9,18,0,0,
216,9,19,0,0,
217,9,20,0,0,
218,9,21,0,0,
219,9,22,0,0,
220,9,23,0,0,
221,9,24,0,0,
222,9,25,0,0,
223,9,26,0,0,
224,9,27,0,0,
225,10,11,0,0,4.894075772920243
226,10,12,0,0,4.959245596486338
227,10,13,0,0,3.053471910504825
228,10,14,0,0,4.301349353549544
229,10,15,0,0,4.959245596486339
230,10,16,0,0,
231,10,17,0,0,
232,10,18,0,0,
233,10,19,0,0,
234,10,20,0,0,
235,10,21,0,0,
236,10,22,0,0,
237,10,23,0,0,
238,10,24,0,0,
239,10,25,0,0,
240,10,26,0,0,
241,10,27,0,0,
242,11,12,0,0,4.327851770887855
243,11,13,0,0,5.120052364735592
244,11,14,0,0,5.131887239234207
245,11,15,0,0,4.327851770887855
246,11,16,0,0,
247,11,17,0,0,
248,11,18,0,0,
249,11,19,0,0,
250,11,20,0,0,
251,11,21,0,0,
252,11,22,0,0,
253,11,23,0,0,
254,11,24,0,0,
255,11,25,0,0,
256,11,26,0,0,
257,11,27,0,0,
258,12,13,0,0,3.2060480857273626
259,12,14,0,0,3.2330885479766938
260,12,15,0,0,3.1084607103539975e-29
261,12,16,0,0,
262,12,17,0,0,
263,12,18,0,0,
264,12,19,0,0,
265,12,20,0,0,
266,12,21,0,0,
267,12,22,0,0,
268,12,23,0,0,
269,12,24,0,0,
270,12,25,0,0,
271,12,26,0,0,
272,12,27,0,0,
273,13,14,0,0,5.142102135445105
274,13,15,0,0,3.206048085727365
275,13,16,0,0,
276,13,17,0,0,
277,13,18,0,0,
278,13,19,0,0,
279,13,20,0,0,
280,13,21,0,0,
281,13,22,0,0,
282,13,23,0,0,
283,13,24,0,0,
284,13,25,0,0,
285,13,26,0,0,
286,13,27,0,0,
287,14,15,0,0,3.233088547976697
288,14,16,0,0,
289,14,17,0,0,
290,14,18,0,0,
291,14,19,0,0,
292,14,20,0,0,
293,14,21,0,0,
294,14,22,0,0,
295,14,23,0,0,
296,14,24,0,0,
297,14,25,0,0,
298,14,26,0,0,
299,14,27,0,0,
300,15,16,0,0,
301,15,17,0,0,
302,15,18,0,0,
303,15,19,0,0,
304,15,20,0,0,
305,15,21,0,0,
306,15,22,0,0,
307,15,23,0,0,
308,15,24,0,0,
309,15,25,0,0,
310,15,26,0,0,
311,15,27,0,0,
312,16,17,0,0,3.7647316863306206
313,16,18,0,0,7.664097797500564
314,16,19,0,0,5.0747730017306596e-30
315,16,20,0,0,9.913225135056049
316,16,21,0,0,10.49992172698934
317,16,22,0,0,8.83120938855799
318,16,23,0,0,3.7647316863306224
319,16,24,0,0,
320,16,25,0,0,
321,16,26,0,0,
322,16,27,0,0,
323,17,18,0,0,8.581602406517117
324,17,19,0,0,3.7647316863306184
325,17,20,0,0,8.84857922250786
326,17,21,0,0,8.785393950156818
327,17,22,0,0,7.730929165124511
328,17,23,0,0,2.0364253138251997e-30
329,17,24,0,0,
330,17,25,0,0,
331,17,26,0,0,
332,17,27,0,0,
333,18,19,0,0,7.664097797500563
334,18,20,0,0,7.088532664274611
335,18,21,0,0,6.814610342414584
336,18,22,0,0,9.800549409730355
337,18,23,0,0,8.581602406517119
338,18,24,0,0,
339,18,25,0,0,
340,18,26,0,0,
341,18,27,0,0,
342,19,20,0,0,9.913225135056045
343,19,21,0,0,10.49992172698934
344,19,22,0,0,8.831209388557989
345,19,23,0,0,3.7647316863306206
346,19,24,0,0,
347,19,25,0,0,
348,19,26,0,0,
349,19,27,0,0,
350,20,21,0,0,6.024112010097502
351,20,22,0,0,6.859848382742621
352,20,23,0,0,8.84857922250786
353,20,24,0,0,
354,20,25,0,0,
355,20,26,0,0,
356,20,27,0,0,
357,21,22,0,0,4.968392723590392
358,21,23,0,0,8.785393950156818
359,21,24,0,0,
360,21,25,0,0,
361,21,26,0,0,
362,21,27,0,0,
363,22,23,0,0,7.730929165124506
364,22,24,0,0,
365,22,25,0,0,
366,22,26,0,0,
367,22,27,0,0,
368,23,24,0,0,
369,23,25,0,0,
370,23,26,0,0,
371,23,27,0,0,
372,24,25,0,0,2.8820350572076165
373,24,26,0,0,4.939132931348802
374,24,27,0,0,1.796780949976782e-29
375,25,26,0,0,7.835045181883914
376,25,27,0,0,2.8820350572076165
377,26,27,0,0,4.9391329313488015
378,0,1,0,1,2.8892052463842184
379,0,2,0,1,3.0214464983700258
380,0,3,0,1,4.362206491971468
381,0,4,0,1,4.729472801763173
382,0,5,0,1,3.293400161616388
383,0,6,0,1,4.242274170247067
384,0,7,0,1,2.889205246384216
385,0,8,0,1,
386,0,9,0,1,
387,0,10,0,1,
388,0,11,0,1,
389,0,12,0,1,
390,0,13,0,1,
391,0,14,0,1,
392,0,15,0,1,
393,0,16,0,1,
394,0,17,0,1,
395,0,18,0,1,
396,0,19,0,1,
397,0,20,0,1,
398,0,21,0,1,
399,0,22,0,1,
400,0,23,0,1,
401,0,24,0,1,
402,0,25,0,1,
403,0,26,0,1,
404,0,27,0,1,
405,1,2,0,1,3.2950208725722443
406,1,3,0,1,4.209199141201811
407,1,4,0,1,4.351820219083681
408,1,5,0,1,3.009433939115029
409,1,6,0,1,4.211441141652095
410,1,7,0,1,2.823486802026905
411,1,8,0,1,
412,1,9,0,1,
413,1,10,0,1,
414,1,11,0,1,
415,1,12,0,1,
416,1,13,0,1,
417,1,14,0,1,
418,1,15,0,1,
419,1,16,0,1,
420,1,17,0,1,
421,1,18,0,1,
422,1,19,0,1,
423,1,20,0,1,
424,1,21,0,1,
425,1,22,0,1,
426,1,23,0,1,
427,1,24,0,1,
428,1,25,0,1,
429,1,26,0,1,
430,1,27,0,1,
431,2,3,0,1,4.208070916731816
432,2,4,0,1,4.774725853264466
433,2,5,0,1,2.9042283764459413
434,2,6,0,1,4.209257557096142
435,2,7,0,1,3.2945948290909044
436,2,8,0,1,
437,2,9,0,1,
438,2,10,0,1,
439,2,11,0,1,
440,2,12,0,1,
441,2,13,0,1,
442,2,14,0,1,
443,2,15,0,1,
444,2,16,0,1,
445,2,17,0,1,
446,2,18,0,1,
447,2,19,0,1,
448,2,20,0,1,
449,2,21,0,1,
450,2,22,0,1,
451,2,23,0,1,
452,2,24,0,1,
453,2,25,0,1,
454,2,26,0,1,
455,2,27,0,1,
456,3,4,0,1,2.8992440887740707
457,3,5,0,1,4.228759282802297
458,3,6,0,1,2.821410651779749
459,3,7,0,1,4.206112796778986
460,3,8,0,1,
461,3,9,0,1,
462,3,10,0,1,
463,3,11,0,1,
464,3,12,0,1,
465,3,13,0,1,
466,3,14,0,1,
467,3,15,0,1,
468,3,16,0,1,
469,3,17,0,1,
470,3,18,0,1,
471,3,19,0,1,
472,3,20,0,1,
473,3,21,0,1,
474,3,22,0,1,
475,3,23,0,1,
476,3,24,0,1,
477,3,25,0,1,
478,3,26,0,1,
479,3,27,0,1,
480,4,5,0,1,4.191051797756556
481,4,6,0,1,3.126317128325006
482,4,7,0,1,4.340613731124158
483,4,8,0,1,
484,4,9,0,1,
485,4,10,0,1,
486,4,11,0,1,
487,4,12,0,1,
488,4,13,0,1,
489,4,14,0,1,
490,4,15,0,1,
491,4,16,0,1,
492,4,17,0,1,
493,4,18,0,1,
494,4,19,0,1,
495,4,20,0,1,
496,4,21,0,1,
497,4,22,0,1,
498,4,23,0,1,
499,4,24,0,1,
500,4,25,0,1,
501,4,26,0,1,
502,4,27,0,1,
503,5,6,0,1,4.38388018218048
504,5,7,0,1,3.006643864297085
505,5,8,0,1,
506,5,9,0,1,
507,5,10,0,1,
508,5,11,0,1,
509,5,12,0,1,
510,5,13,0,1,
511,5,14,0,1,
512,5,15,0,1,
513,5,16,0,1,
514,5,17,0,1,
515,5,18,0,1,
516,5,19,0,1,
517,5,20,0,1,
518,5,21,0,1,
519,5,22,0,1,
520,5,23,0,1,
521,5,24,0,1,
522,5,25,0,1,
523,5,26,0,1,
524,5,27,0,1,
525,6,7,0,1,4.21002071877035
526,6,8,0,1,
527,6,9,0,1,
528,6,10,0,1,
529,6,11,0,1,
530,6,12,0,1,
531,6,13,0,1,
532,6,14,0,1,
533,6,15,0,1,
534,6,16,0,1,
535,6,17,0,1,
536,6,18,0,1,
537,6,19,0,1,
538,6,20,0,1,
539,6,21,0,1,
540,6,22,0,1,
541,6,23,0,1,
542,6,24,0,1,
543,6,25,0,1,
544,6,26,0,1,
545,6,27,0,1,
546,7,8,0,1,
547,7,9,0,1,
548,7,10,0,1,
549,7,11,0,1,
550,7,12,0,1,
551,7,13,0,1,
552,7,14,0,1,
553,7,15,0,1,
554,7,16,0,1,
555,7,17,0,1,
556,7,18,0,1,
557,7,19,0,1,
558,7,20,0,1,
559,7,21,0,1,
560,7,22,0,1,
561,7,23,0,1,
562,7,24,0,1,
563,7,25,0,1,
564,7,26,0,1,
565,7,27,0,1,
566,8,9,0,1,3.0713577807420154
567,8,10,0,1,2.349125402828643
568,8,11,0,1,4.282651021636809
569,8,12,0,1,4.296943068215766
570,8,13,0,1,3.362312851089271
571,8,14,0,1,4.991531272534894
572,8,15,0,1,4.296943068215766
573,8,16,0,1,
574,8,17,0,1,
575,8,18,0,1,
576,8,19,0,1,
577,8,20,0,1,
578,8,21,0,1,
579,8,22,0,1,
580,8,23,0,1,
581,8,24,0,1,
582,8,25,0,1,
583,8,26,0,1,
584,8,27,0,1,
585,9,10,0,1,5.344429810376006
586,9,11,0,1,4.296943068215768
587,9,12,0,1,4.282651021636808
588,9,13,0,1,4.8639034147490845
589,9,14,0,1,3.071357780742012
590,9,15,0,1,4.28265102163681
591,9,16,0,1,
592,9,17,0,1,
593,9,18,0,1,
594,9,19,0,1,
595,9,20,0,1,
596,9,21,0,1,
597,9,22,0,1,
598,9,23,0,1,
599,9,24,0,1,
600,9,25,0,1,
601,9,26,0,1,
602,9,27,0,1,
603,10,11,0,1,4.862870781751522
604,10,12,0,1,1.9805993040019103
605,10,13,0,1,3.8900879227310257
606,10,14,0,1,2.331100029711121
607,10,15,0,1,1.9805993040019148
608,10,16,0,1,
609,10,17,0,1,
610,10,18,0,1,
611,10,19,0,1,
612,10,20,0,1,
613,10,21,0,1,
614,10,22,0,1,
615,10,23,0,1,
616,10,24,0,1,
617,10,25,0,1,
618,10,26,0,1,
619,10,27,0,1,
620,11,12,0,1,5.394241508481677
621,11,13,0,1,5.3095882630422855
622,11,14,0,1,4.276416522824007
623,11,15,0,1,5.394241508481679
624,11,16,0,1,
625,11,17,0,1,
626,11,18,0,1,
627,11,19,0,1,
628,11,20,0,1,
629,11,21,0,1,
630,11,22,0,1,
631,11,23,0,1,
632,11,24,0,1,
633,11,25,0,1,
634,11,26,0,1,
635,11,27,0,1,
636,12,13,0,1,3.8502796462776496
637,12,14,0,1,4.292000534506788
638,12,15,0,1,4.3182619922090195
639,12,16,0,1,
640,12,17,0,1,
641,12,18,0,1,
642,12,19,0,1,
643,12,20,0,1,
644,12,21,0,1,
645,12,22,0,1,
646,12,23,0,1,
647,12,24,0,1,
648,12,25,0,1,
649,12,26,0,1,
650,12,27,0,1,
651,13,14,0,1,3.3647682576031896
652,13,15,0,1,3.865342959962772
653,13,16,0,1,
654,13,17,0,1,
655,13,18,0,1,
656,13,19,0,1,
657,13,20,0,1,
658,13,21,0,1,
659,13,22,0,1,
660,13,23,0,1,
661,13,24,0,1,
662,13,25,0,1,
663,13,26,0,1,
664,13,27,0,1,
665,14,15,0,1,4.296943068215766
666,14,16,0,1,
667,14,17,0,1,
668,14,18,0,1,
669,14,19,0,1,
670,14,20,0,1,
671,14,21,0,1,
672,14,22,0,1,
673,14,23,0,1,
674,14,24,0,1,
675,14,25,0,1,
676,14,26,0,1,
677,14,27,0,1,
678,15,16,0,1,
679,15,17,0,1,
680,15,18,0,1,
681,15,19,0,1,
682,15,20,0,1,
683,15,21,0,1,
684,15,22,0,1,
685,15,23,0,1,
686,15,24,0,1,
687,15,25,0,1,
688,15,26,0,1,
689,15,27,0,1,
690,16,17,0,1,6.903417882021381
691,16,18,0,1,7.624042499578883
692,16,19,0,1,9.215515184045223
693,16,20,0,1,3.690169213959943
694,16,21,0,1,4.0694494857071515
695,16,22,0,1,7.130082323260094
696,16,23,0,1,6.903417882021379
697,16,24,0,1,
698,16,25,0,1,
699,16,26,0,1,
700,16,27,0,1,
701,17,18,0,1,8.873175355860964
702,17,19,0,1,6.905142538070877
703,17,20,0,1,4.9904608243808735
704,17,21,0,1,6.902367468652461
705,17,22,0,1,6.999032868171245
706,17,23,0,1,4.069989649718058
707,17,24,0,1,
708,17,25,0,1,
709,17,26,0,1,
710,17,27,0,1,
711,18,19,0,1,7.585725327191567
712,18,20,0,1,8.84486165196359
713,18,21,0,1,3.82738464414217
714,18,22,0,1,3.6514221791196513
715,18,23,0,1,8.846410206498746
716,18,24,0,1,
717,18,25,0,1,
718,18,26,0,1,
719,18,27,0,1,
720,19,20,0,1,3.6901692139599427
721,19,21,0,1,4.0694494857071515
722,19,22,0,1,7.130082323260093
723,19,23,0,1,6.903417882021381
724,19,24,0,1,
725,19,25,0,1,
726,19,26,0,1,
727,19,27,0,1,
728,20,21,0,1,9.891882534052531
729,20,22,0,1,6.875113562635273
730,20,23,0,1,4.976466356216816
731,20,24,0,1,
732,20,25,0,1,
733,20,26,0,1,
734,20,27,0,1,
735,21,22,0,1,8.518194268921272
736,21,23,0,1,6.832667719398392
737,21,24,0,1,
738,21,25,0,1,
739,21,26,0,1,
740,21,27,0,1,
741,22,23,0,1,6.960652418703398
742,22,24,0,1,
743,22,25,0,1,
744,22,26,0,1,
745,22,27,0,1,
746,23,24,0,1,
747,23,25,0,1,
748,23,26,0,1,
749,23,27,0,1,
750,24,25,0,1,2.8820350572076157
751,24,26,0,1,4.932874972852505
752,24,27,0,1,1.0888621052641612
753,25,26,0,1,7.840949532284513
754,25,27,0,1,2.869481007554025
755,26,27,0,1,4.932874972852504
756,0,1,0,2,2.8670979799657905
757,0,2,0,2,2.867097979965791
758,0,3,0,2,4.7852266127953325
759,0,4,0,2,2.896603936418014
760,0,5,0,2,4.322407486751322
761,0,6,0,2,4.785226612795331
762,0,7,0,2,4.191128068690394
763,0,8,0,2,
764,0,9,0,2,
765,0,10,0,2,
766,0,11,0,2,
767,0,12,0,2,
768,0,13,0,2,
769,0,14,0,2,
770,0,15,0,2,
771,0,16,0,2,
772,0,17,0,2,
773,0,18,0,2,
774,0,19,0,2,
775,0,20,0,2,
776,0,21,0,2,
777,0,22,0,2,
778,0,23,0,2,
779,0,24,0,2,
780,0,25,0,2,
781,0,26,0,2,
782,0,27,0,2,
783,1,2,0,2,4.785226612795328
784,1,3,0,2,4.221745540872584
785,1,4,0,2,1.7419977603181407
786,1,5,0,2,3.384773268609389
787,1,6,0,2,4.221745540872581
788,1,7,0,2,4.8088805964931645
789,1,8,0,2,
790,1,9,0,2,
791,1,10,0,2,
792,1,11,0,2,
793,1,12,0,2,
794,1,13,0,2,
795,1,14,0,2,
796,1,15,0,2,
797,1,16,0,2,
798,1,17,0,2,
799,1,18,0,2,
800,1,19,0,2,
801,1,20,0,2,
802,1,21,0,2,
803,1,22,0,2,
804,1,23,0,2,
805,1,24,0,2,
806,1,25,0,2,
807,1,26,0,2,
808,1,27,0,2,
809,2,3,0,2,5.557554096940827
810,2,4,0,2,3.557097195517862e-30
811,2,5,0,2,2.8640344657466037
812,2,6,0,2,5.557554096940827
813,2,7,0,2,4.322969476284521
814,2,8,0,2,
815,2,9,0,2,
816,2,10,0,2,
817,2,11,0,2,
818,2,12,0,2,
819,2,13,0,2,
820,2,14,0,2,
821,2,15,0,2,
822,2,16,0,2,
823,2,17,0,2,
824,2,18,0,2,
825,2,19,0,2,
826,2,20,0,2,
827,2,21,0,2,
828,2,22,0,2,
829,2,23,0,2,
830,2,24,0,2,
831,2,25,0,2,
832,2,26,0,2,
833,2,27,0,2,
834,3,4,0,2,3.3690677919731846
835,3,5,0,2,1.747569702498559
836,3,6,0,2,4.8088805964931645
837,3,7,0,2,3.1383123122980288
838,3,8,0,2,
839,3,9,0,2,
840,3,10,0,2,
841,3,11,0,2,
842,3,12,0,2,
843,3,13,0,2,
844,3,14,0,2,
845,3,15,0,2,
846,3,16,0,2,
847,3,17,0,2,
848,3,18,0,2,
849,3,19,0,2,
850,3,20,0,2,
851,3,21,0,2,
852,3,22,0,2,
853,3,23,0,2,
854,3,24,0,2,
855,3,25,0,2,
856,3,26,0,2,
857,3,27,0,2,
858,4,5,0,2,3.0206674218528367
859,4,6,0,2,3.384773268609389
860,4,7,0,2,1.7475697024985548
861,4,8,0,2,
862,4,9,0,2,
863,4,10,0,2,
864,4,11,0,2,
865,4,12,0,2,
866,4,13,0,2,
867,4,14,0,2,
868,4,15,0,2,
869,4,16,0,2,
870,4,17,0,2,
871,4,18,0,2,
872,4,19,0,2,
873,4,20,0,2,
874,4,21,0,2,
875,4,22,0,2,
876,4,23,0,2,
877,4,24,0,2,
878,4,25,0,2,
879,4,26,0,2,
880,4,27,0,2,
881,5,6,0,2,4.230737339954621
882,5,7,0,2,4.724374114685159
883,5,8,0,2,
884,5,9,0,2,
885,5,10,0,2,
886,5,11,0,2,
887,5,12,0,2,
888,5,13,0,2,
889,5,14,0,2,
890,5,15,0,2,
891,5,16,0,2,
892,5,17,0,2,
893,5,18,0,2,
894,5,19,0,2,
895,5,20,0,2,
896,5,21,0,2,
897,5,22,0,2,
898,5,23,0,2,
899,5,24,0,2,
900,5,25,0,2,
901,5,26,0,2,
902,5,27,0,2,
903,6,7,0,2,2.8935412689883386
904,6,8,0,2,
905,6,9,0,2,
906,6,10,0,2,
907,6,11,0,2,
908,6,12,0,2,
909,6,13,0,2,
910,6,14,0,2,
911,6,15,0,2,
912,6,16,0,2,
913,6,17,0,2,
914,6,18,0,2,
915,6,19,0,2,
916,6,20,0,2,
917,6,21,0,2,
918,6,22,0,2,
919,6,23,0,2,
920,6,24,0,2,
921,6,25,0,2,
922,6,26,0,2,
923,6,27,0,2,
924,7,8,0,2,
925,7,9,0,2,
926,7,10,0,2,
927,7,11,0,2,
928,7,12,0,2,
929,7,13,0,2,
930,7,14,0,2,
931,7,15,0,2,
932,7,16,0,2,
933,7,17,0,2,
934,7,18,0,2,
935,7,19,0,2,
936,7,20,0,2,
937,7,21,0,2,
938,7,22,0,2,
939,7,23,0,2,
940,7,24,0,2,
941,7,25,0,2,
942,7,26,0,2,
943,7,27,0,2,
944,8,9,0,2,4.303715145330397
945,8,10,0,2,5.387724549720643
946,8,11,0,2,5.142102135445107
947,8,12,0,2,4.303715145330397
948,8,13,0,2,1.881536100167152e-30
949,8,14,0,2,5.142102135445109
950,8,15,0,2,3.877919525564153
951,8,16,0,2,
952,8,17,0,2,
953,8,18,0,2,
954,8,19,0,2,
955,8,20,0,2,
956,8,21,0,2,
957,8,22,0,2,
958,8,23,0,2,
959,8,24,0,2,
960,8,25,0,2,
961,8,26,0,2,
962,8,27,0,2,
963,9,10,0,2,5.314436326482793
964,9,11,0,2,4.303715145330399
965,9,12,0,2,5.1421021354451115
966,9,13,0,2,3.2148215764220542
967,9,14,0,2,4.303715145330398
968,9,15,0,2,4.399136949374283
969,9,16,0,2,
970,9,17,0,2,
971,9,18,0,2,
972,9,19,0,2,
973,9,20,0,2,
974,9,21,0,2,
975,9,22,0,2,
976,9,23,0,2,
977,9,24,0,2,
978,9,25,0,2,
979,9,26,0,2,
980,9,27,0,2,
981,10,11,0,2,3.0534719105048267
982,10,12,0,2,4.2653398432841705
983,10,13,0,2,4.301349353549542
984,10,14,0,2,3.05347191050483
985,10,15,0,2,4.271423250761703
986,10,16,0,2,
987,10,17,0,2,
988,10,18,0,2,
989,10,19,0,2,
990,10,20,0,2,
991,10,21,0,2,
992,10,22,0,2,
993,10,23,0,2,
994,10,24,0,2,
995,10,25,0,2,
996,10,26,0,2,
997,10,27,0,2,
998,11,12,0,2,3.206048085727368
999,11,13,0,2,5.131887239234205
1000,11,14,0,2,5.120052364735591
1001,11,15,0,2,4.310932141405484
1002,11,16,0,2,
1003,11,17,0,2,
1004,11,18,0,2,
1005,11,19,0,2,
1006,11,20,0,2,
1007,11,21,0,2,
1008,11,22,0,2,
1009,11,23,0,2,
1010,11,24,0,2,
1011,11,25,0,2,
1012,11,26,0,2,
1013,11,27,0,2,
1014,12,13,0,2,3.233088547976694
1015,12,14,0,2,3.2060480857273643
1016,12,15,0,2,5.353626388261586
1017,12,16,0,2,
1018,12,17,0,2,
1019,12,18,0,2,
1020,12,19,0,2,
1021,12,20,0,2,
1022,12,21,0,2,
1023,12,22,0,2,
1024,12,23,0,2,
1025,12,24,0,2,
1026,12,25,0,2,
1027,12,26,0,2,
1028,12,27,0,2,
1029,13,14,0,2,1.5706620086642153e-29
1030,13,15,0,2,5.361941258786319
1031,13,16,0,2,
1032,13,17,0,2,
1033,13,18,0,2,
1034,13,19,0,2,
1035,13,20,0,2,
1036,13,21,0,2,
1037,13,22,0,2,
1038,13,23,0,2,
1039,13,24,0,2,
1040,13,25,0,2,
1041,13,26,0,2,
1042,13,27,0,2,
1043,14,15,0,2,3.8779195255641516
1044,14,16,0,2,
1045,14,17,0,2,
1046,14,18,0,2,
1047,14,19,0,2,
1048,14,20,0,2,
1049,14,21,0,2,
1050,14,22,0,2,
1051,14,23,0,2,
1052,14,24,0,2,
1053,14,25,0,2,
1054,14,26,0,2,
1055,14,27,0,2,
1056,15,16,0,2,
1057,15,17,0,2,
1058,15,18,0,2,
1059,15,19,0,2,
1060,15,20,0,2,
1061,15,21,0,2,
1062,15,22,0,2,
1063,15,23,0,2,
1064,15,24,0,2,
1065,15,25,0,2,
1066,15,26,0,2,
1067,15,27,0,2,
1068,16,17,0,2,9.913225135056052
1069,16,18,0,2,5.893423153575891
1070,16,19,0,2,8.58070086866483
1071,16,20,0,2,3.7647316863306197
1072,16,21,0,2,4.976665294430988
1073,16,22,0,2,8.84807982400921
1074,16,23,0,2,7.664097797500563
1075,16,24,0,2,
1076,16,25,0,2,
1077,16,26,0,2,
1078,16,27,0,2,
1079,17,18,0,2,7.102336014817155
1080,17,19,0,2,7.663755470785625
1081,17,20,0,2,4.3777775311096344e-29
1082,17,21,0,2,3.6474633373812613
1083,17,22,0,2,9.911966829684653
1084,17,23,0,2,8.581602406517117
1085,17,24,0,2,
1086,17,25,0,2,
1087,17,26,0,2,
1088,17,27,0,2,
1089,18,19,0,2,6.0241120100975
1090,18,20,0,2,8.581602406517119
1091,18,21,0,2,8.785393950156822
1092,18,22,0,2,3.752989641054626
1093,18,23,0,2,2.4170825952717835e-29
1094,18,24,0,2,
1095,18,25,0,2,
1096,18,26,0,2,
1097,18,27,0,2,
1098,19,20,0,2,3.764731686330618
1099,19,21,0,2,4.97666529443099
1100,19,22,0,2,8.848079824009208
1101,19,23,0,2,7.6640977975005615
1102,19,24,0,2,
1103,19,25,0,2,
1104,19,26,0,2,
1105,19,27,0,2,
1106,20,21,0,2,7.663755470785632
1107,20,22,0,2,6.952952328327034
1108,20,23,0,2,7.088532664274611
1109,20,24,0,2,
1110,20,25,0,2,
1111,20,26,0,2,
1112,20,27,0,2,
1113,21,22,0,2,6.981188558963106
1114,21,23,0,2,6.81461034241458
1115,21,24,0,2,
1116,21,25,0,2,
1117,21,26,0,2,
1118,21,27,0,2,
1119,22,23,0,2,9.80054940973035
1120,22,24,0,2,
1121,22,25,0,2,
1122,22,26,0,2,
1123,22,27,0,2,
1124,23,24,0,2,
1125,23,25,0,2,
1126,23,26,0,2,
1127,23,27,0,2,
1128,24,25,0,2,4.939132931348801
1129,24,26,0,2,2.8820350572076174
1130,24,27,0,2,7.830063088874176
1131,25,26,0,2,8.020580182010761e-30
1132,25,27,0,2,4.908177198139769
1133,26,27,0,2,8.381839945865249
1134,0,1,0,3,3.3663237393575143
1135,0,2,0,3,3.366323739357512
1136,0,3,0,3,4.327331371221629
1137,0,4,0,3,3.0214464983700258
1138,0,5,0,3,4.242274170247064
1139,0,6,0,3,4.327331371221627
1140,0,7,0,3,5.554231330878688
1141,0,8,0,3,
1142,0,9,0,3,
1143,0,10,0,3,
1144,0,11,0,3,
1145,0,12,0,3,
1146,0,13,0,3,
1147,0,14,0,3,
1148,0,15,0,3,
1149,0,16,0,3,
1150,0,17,0,3,
1151,0,18,0,3,
1152,0,19,0,3,
1153,0,20,0,3,
1154,0,21,0,3,
1155,0,22,0,3,
1156,0,23,0,3,
1157,0,24,0,3,
1158,0,25,0,3,
1159,0,26,0,3,
1160,0,27,0,3,
1161,1,2,0,3,4.35020524918869
1162,1,3,0,3,4.74062300815769
1163,1,4,0,3,3.2950208725722456
1164,1,5,0,3,4.2114411416520925
1165,1,6,0,3,4.740623008157689
1166,1,7,0,3,4.22645545620483
1167,1,8,0,3,
1168,1,9,0,3,
1169,1,10,0,3,
1170,1,11,0,3,
1171,1,12,0,3,
1172,1,13,0,3,
1173,1,14,0,3,
1174,1,15,0,3,
1175,1,16,0,3,
1176,1,17,0,3,
1177,1,18,0,3,
1178,1,19,0,3,
1179,1,20,0,3,
1180,1,21,0,3,
1181,1,22,0,3,
1182,1,23,0,3,
1183,1,24,0,3,
1184,1,25,0,3,
1185,1,26,0,3,
1186,1,27,0,3,
1187,2,3,0,3,5.553203840535325
1188,2,4,0,3,2.821633996149064
1189,2,5,0,3,4.209257557096138
1190,2,6,0,3,5.5532038405353275
1191,2,7,0,3,4.364096874089254
1192,2,8,0,3,
1193,2,9,0,3,
1194,2,10,0,3,
1195,2,11,0,3,
1196,2,12,0,3,
1197,2,13,0,3,
1198,2,14,0,3,
1199,2,15,0,3,
1200,2,16,0,3,
1201,2,17,0,3,
1202,2,18,0,3,
1203,2,19,0,3,
1204,2,20,0,3,
1205,2,21,0,3,
1206,2,22,0,3,
1207,2,23,0,3,
1208,2,24,0,3,
1209,2,25,0,3,
1210,2,26,0,3,
1211,2,27,0,3,
1212,3,4,0,3,4.209816941207414
1213,3,5,0,3,2.821410651779747
1214,3,6,0,3,4.223909153183054
1215,3,7,0,3,3.0028279605640535
1216,3,8,0,3,
1217,3,9,0,3,
1218,3,10,0,3,
1219,3,11,0,3,
1220,3,12,0,3,
1221,3,13,0,3,
1222,3,14,0,3,
1223,3,15,0,3,
1224,3,16,0,3,
1225,3,17,0,3,
1226,3,18,0,3,
1227,3,19,0,3,
1228,3,20,0,3,
1229,3,21,0,3,
1230,3,22,0,3,
1231,3,23,0,3,
1232,3,24,0,3,
1233,3,25,0,3,
1234,3,26,0,3,
1235,3,27,0,3,
1236,4,5,0,3,3.126317128325005
1237,4,6,0,3,4.21002071877035
1238,4,7,0,3,2.821754805049177
1239,4,8,0,3,
1240,4,9,0,3,
1241,4,10,0,3,
1242,4,11,0,3,
1243,4,12,0,3,
1244,4,13,0,3,
1245,4,14,0,3,
1246,4,15,0,3,
1247,4,16,0,3,
1248,4,17,0,3,
1249,4,18,0,3,
1250,4,19,0,3,
1251,4,20,0,3,
1252,4,21,0,3,
1253,4,22,0,3,
1254,4,23,0,3,
1255,4,24,0,3,
1256,4,25,0,3,
1257,4,26,0,3,
1258,4,27,0,3,
1259,5,6,0,3,4.363128752144778
1260,5,7,0,3,5.5516438108610515
1261,5,8,0,3,
1262,5,9,0,3,
1263,5,10,0,3,
1264,5,11,0,3,
1265,5,12,0,3,
1266,5,13,0,3,
1267,5,14,0,3,
1268,5,15,0,3,
1269,5,16,0,3,
1270,5,17,0,3,
1271,5,18,0,3,
1272,5,19,0,3,
1273,5,20,0,3,
1274,5,21,0,3,
1275,5,22,0,3,
1276,5,23,0,3,
1277,5,24,0,3,
1278,5,25,0,3,
1279,5,26,0,3,
1280,5,27,0,3,
1281,6,7,0,3,2.906681448324902
1282,6,8,0,3,
1283,6,9,0,3,
1284,6,10,0,3,
1285,6,11,0,3,
1286,6,12,0,3,
1287,6,13,0,3,
1288,6,14,0,3,
1289,6,15,0,3,
1290,6,16,0,3,
1291,6,17,0,3,
1292,6,18,0,3,
1293,6,19,0,3,
1294,6,20,0,3,
1295,6,21,0,3,
1296,6,22,0,3,
1297,6,23,0,3,
1298,6,24,0,3,
1299,6,25,0,3,
1300,6,26,0,3,
1301,6,27,0,3,
1302,7,8,0,3,
1303,7,9,0,3,
1304,7,10,0,3,
1305,7,11,0,3,
1306,7,12,0,3,
1307,7,13,0,3,
1308,7,14,0,3,
1309,7,15,0,3,
1310,7,16,0,3,
1311,7,17,0,3,
1312,7,18,0,3,
1313,7,19,0,3,
1314,7,20,0,3,
1315,7,21,0,3,
1316,7,22,0,3,
1317,7,23,0,3,
1318,7,24,0,3,
1319,7,25,0,3,
1320,7,26,0,3,
1321,7,27,0,3,
1322,8,9,0,3,4.863903414749089
1323,8,10,0,3,4.835550043541603
1324,8,11,0,3,3.3623128510892717
1325,8,12,0,3,4.8639034147490845
1326,8,13,0,3,4.991531272534892
1327,8,14,0,3,3.3623128510892735
1328,8,15,0,3,3.933693058872127
1329,8,16,0,3,
1330,8,17,0,3,
1331,8,18,0,3,
1332,8,19,0,3,
1333,8,20,0,3,
1334,8,21,0,3,
1335,8,22,0,3,
1336,8,23,0,3,
1337,8,24,0,3,
1338,8,25,0,3,
1339,8,26,0,3,
1340,8,27,0,3,
1341,9,10,0,3,4.290329841029304
1342,9,11,0,3,4.863903414749087
1343,9,12,0,3,3.3623128510892766
1344,9,13,0,3,3.071357780742007
1345,9,14,0,3,4.863903414749088
1346,9,15,0,3,1.96066642742406
1347,9,16,0,3,
1348,9,17,0,3,
1349,9,18,0,3,
1350,9,19,0,3,
1351,9,20,0,3,
1352,9,21,0,3,
1353,9,22,0,3,
1354,9,23,0,3,
1355,9,24,0,3,
1356,9,25,0,3,
1357,9,26,0,3,
1358,9,27,0,3,
1359,10,11,0,3,3.890087922731027
1360,10,12,0,3,3.3723486520587986
1361,10,13,0,3,2.3311000297111173
1362,10,14,0,3,3.890087922731027
1363,10,15,0,3,5.116002177978747
1364,10,16,0,3,
1365,10,17,0,3,
1366,10,18,0,3,
1367,10,19,0,3,
1368,10,20,0,3,
1369,10,21,0,3,
1370,10,22,0,3,
1371,10,23,0,3,
1372,10,24,0,3,
1373,10,25,0,3,
1374,10,26,0,3,
1375,10,27,0,3,
1376,11,12,0,3,3.8502796462776576
1377,11,13,0,3,4.276416522824007
1378,11,14,0,3,5.309588263042285
1379,11,15,0,3,2.233860393532765
1380,11,16,0,3,
1381,11,17,0,3,
1382,11,18,0,3,
1383,11,19,0,3,
1384,11,20,0,3,
1385,11,21,0,3,
1386,11,22,0,3,
1387,11,23,0,3,
1388,11,24,0,3,
1389,11,25,0,3,
1390,11,26,0,3,
1391,11,27,0,3,
1392,12,13,0,3,4.292000534506786
1393,12,14,0,3,3.8502796462776536
1394,12,15,0,3,3.3825238346931896
1395,12,16,0,3,
1396,12,17,0,3,
1397,12,18,0,3,
1398,12,19,0,3,
1399,12,20,0,3,
1400,12,21,0,3,
1401,12,22,0,3,
1402,12,23,0,3,
1403,12,24,0,3,
1404,12,25,0,3,
1405,12,26,0,3,
1406,12,27,0,3,
1407,13,14,0,3,1.9414810791291919
1408,13,15,0,3,4.890700133688545
1409,13,16,0,3,
1410,13,17,0,3,
1411,13,18,0,3,
1412,13,19,0,3,
1413,13,20,0,3,
1414,13,21,0,3,
1415,13,22,0,3,
1416,13,23,0,3,
1417,13,24,0,3,
1418,13,25,0,3,
1419,13,26,0,3,
1420,13,27,0,3,
1421,14,15,0,3,3.9336930588721284
1422,14,16,0,3,
1423,14,17,0,3,
1424,14,18,0,3,
1425,14,19,0,3,
1426,14,20,0,3,
1427,14,21,0,3,
1428,14,22,0,3,
1429,14,23,0,3,
1430,14,24,0,3,
1431,14,25,0,3,
1432,14,26,0,3,
1433,14,27,0,3,
1434,15,16,0,3,
1435,15,17,0,3,
1436,15,18,0,3,
1437,15,19,0,3,
1438,15,20,0,3,
1439,15,21,0,3,
1440,15,22,0,3,
1441,15,23,0,3,
1442,15,24,0,3,
1443,15,25,0,3,
1444,15,26,0,3,
1445,15,27,0,3,
1446,16,17,0,3,3.6901692139599356
1447,16,18,0,3,9.894530782178947
1448,16,19,0,3,4.996809693285156
1449,16,20,0,3,6.9034178820213885
1450,16,21,0,3,7.115379254722659
1451,16,22,0,3,8.587047144706208
1452,16,23,0,3,7.624042499578882
1453,16,24,0,3,
1454,16,25,0,3,
1455,16,26,0,3,
1456,16,27,0,3,
1457,17,18,0,3,8.579762547090956
1458,17,19,0,3,3.831320339162708
1459,17,20,0,3,4.06998964971806
1460,17,21,0,3,5.923898130948531
1461,17,22,0,3,9.92627896596259
1462,17,23,0,3,8.873175355860964
1463,17,24,0,3,
1464,17,25,0,3,
1465,17,26,0,3,
1466,17,27,0,3,
1467,18,19,0,3,9.898055113492685
1468,18,20,0,3,8.846410206498758
1469,18,21,0,3,6.832667719398392
1470,18,22,0,3,6.7276561426187795
1471,18,23,0,3,9.128690000146529
1472,18,24,0,3,
1473,18,25,0,3,
1474,18,26,0,3,
1475,18,27,0,3,
1476,19,20,0,3,6.903417882021388
1477,19,21,0,3,7.115379254722659
1478,19,22,0,3,8.587047144706208
1479,19,23,0,3,7.6240424995788825
1480,19,24,0,3,
1481,19,25,0,3,
1482,19,26,0,3,
1483,19,27,0,3,
1484,20,21,0,3,3.8301610959583106
1485,20,22,0,3,7.588123936665555
1486,20,23,0,3,8.840362063886314
1487,20,24,0,3,
1488,20,25,0,3,
1489,20,26,0,3,
1490,20,27,0,3,
1491,21,22,0,3,4.971719275753576
1492,21,23,0,3,3.8273846441421684
1493,21,24,0,3,
1494,21,25,0,3,
1495,21,26,0,3,
1496,21,27,0,3,
1497,22,23,0,3,3.6170548563788074
1498,22,24,0,3,
1499,22,25,0,3,
1500,22,26,0,3,
1501,22,27,0,3,
1502,23,24,0,3,
1503,23,25,0,3,
1504,23,26,0,3,
1505,23,27,0,3,
1506,24,25,0,3,4.932874972852503
1507,24,26,0,3,2.8820350572076174
1508,24,27,0,3,7.854001131569909
1509,25,26,0,3,8.099476898353244e-30
1510,25,27,0,3,4.931667847874583
1511,26,27,0,3,8.522755746279376
1512,0,1,0,4,4.191128068690393
1513,0,2,0,4,5.565542834677779
1514,0,3,0,4,1.9591734389014625e-29
1515,0,4,0,4,2.8670979799657905
1516,0,5,0,4,4.785226612795326
1517,0,6,0,4,2.820538008067366
1518,0,7,0,4,2.867097979965789
1519,0,8,0,4,
1520,0,9,0,4,
1521,0,10,0,4,
1522,0,11,0,4,
1523,0,12,0,4,
1524,0,13,0,4,
1525,0,14,0,4,
1526,0,15,0,4,
1527,0,16,0,4,
1528,0,17,0,4,
1529,0,18,0,4,
1530,0,19,0,4,
1531,0,20,0,4,
1532,0,21,0,4,
1533,0,22,0,4,
1534,0,23,0,4,
1535,0,24,0,4,
1536,0,25,0,4,
1537,0,26,0,4,
1538,0,27,0,4,
1539,1,2,0,4,4.378843075560892
1540,1,3,0,4,3.129322758616518
1541,1,4,0,4,4.785226612795327
1542,1,5,0,4,4.221745540872578
1543,1,6,0,4,2.912981599854343
1544,1,7,0,4,4.785226612795327
1545,1,8,0,4,
1546,1,9,0,4,
1547,1,10,0,4,
1548,1,11,0,4,
1549,1,12,0,4,
1550,1,13,0,4,
1551,1,14,0,4,
1552,1,15,0,4,
1553,1,16,0,4,
1554,1,17,0,4,
1555,1,18,0,4,
1556,1,19,0,4,
1557,1,20,0,4,
1558,1,21,0,4,
1559,1,22,0,4,
1560,1,23,0,4,
1561,1,24,0,4,
1562,1,25,0,4,
1563,1,26,0,4,
1564,1,27,0,4,
1565,2,3,0,4,2.8966039364180145
1566,2,4,0,4,4.378664794168984
1567,2,5,0,4,5.557554096940826
1568,2,6,0,4,3.134715798605269
1569,2,7,0,4,4.378664794168982
1570,2,8,0,4,
1571,2,9,0,4,
1572,2,10,0,4,
1573,2,11,0,4,
1574,2,12,0,4,
1575,2,13,0,4,
1576,2,14,0,4,
1577,2,15,0,4,
1578,2,16,0,4,
1579,2,17,0,4,
1580,2,18,0,4,
1581,2,19,0,4,
1582,2,20,0,4,
1583,2,21,0,4,
1584,2,22,0,4,
1585,2,23,0,4,
1586,2,24,0,4,
1587,2,25,0,4,
1588,2,26,0,4,
1589,2,27,0,4,
1590,3,4,0,4,4.191128068690388
1591,3,5,0,4,4.808880596493161
1592,3,6,0,4,4.315728803308551
1593,3,7,0,4,4.191128068690387
1594,3,8,0,4,
1595,3,9,0,4,
1596,3,10,0,4,
1597,3,11,0,4,
1598,3,12,0,4,
1599,3,13,0,4,
1600,3,14,0,4,
1601,3,15,0,4,
1602,3,16,0,4,
1603,3,17,0,4,
1604,3,18,0,4,
1605,3,19,0,4,
1606,3,20,0,4,
1607,3,21,0,4,
1608,3,22,0,4,
1609,3,23,0,4,
1610,3,24,0,4,
1611,3,25,0,4,
1612,3,26,0,4,
1613,3,27,0,4,
1614,4,5,0,4,3.38477326860939
1615,4,6,0,4,5.561297700966157
1616,4,7,0,4,4.322407486751313
1617,4,8,0,4,
1618,4,9,0,4,
1619,4,10,0,4,
1620,4,11,0,4,
1621,4,12,0,4,
1622,4,13,0,4,
1623,4,14,0,4,
1624,4,15,0,4,
1625,4,16,0,4,
1626,4,17,0,4,
1627,4,18,0,4,
1628,4,19,0,4,
1629,4,20,0,4,
1630,4,21,0,4,
1631,4,22,0,4,
1632,4,23,0,4,
1633,4,24,0,4,
1634,4,25,0,4,
1635,4,26,0,4,
1636,4,27,0,4,
1637,5,6,0,4,9.173262777819736e-30
1638,5,7,0,4,4.2114675259405585
1639,5,8,0,4,
1640,5,9,0,4,
1641,5,10,0,4,
1642,5,11,0,4,
1643,5,12,0,4,
1644,5,13,0,4,
1645,5,14,0,4,
1646,5,15,0,4,
1647,5,16,0,4,
1648,5,17,0,4,
1649,5,18,0,4,
1650,5,19,0,4,
1651,5,20,0,4,
1652,5,21,0,4,
1653,5,22,0,4,
1654,5,23,0,4,
1655,5,24,0,4,
1656,5,25,0,4,
1657,5,26,0,4,
1658,5,27,0,4,
1659,6,7,0,4,5.565542834677771
1660,6,8,0,4,
1661,6,9,0,4,
1662,6,10,0,4,
1663,6,11,0,4,
1664,6,12,0,4,
1665,6,13,0,4,
1666,6,14,0,4,
1667,6,15,0,4,
1668,6,16,0,4,
1669,6,17,0,4,
1670,6,18,0,4,
1671,6,19,0,4,
1672,6,20,0,4,
1673,6,21,0,4,
1674,6,22,0,4,
1675,6,23,0,4,
1676,6,24,0,4,
1677,6,25,0,4,
1678,6,26,0,4,
1679,6,27,0,4,
1680,7,8,0,4,
1681,7,9,0,4,
1682,7,10,0,4,
1683,7,11,0,4,
1684,7,12,0,4,
1685,7,13,0,4,
1686,7,14,0,4,
1687,7,15,0,4,
1688,7,16,0,4,
1689,7,17,0,4,
1690,7,18,0,4,
1691,7,19,0,4,
1692,7,20,0,4,
1693,7,21,0,4,
1694,7,22,0,4,
1695,7,23,0,4,
1696,7,24,0,4,
1697,7,25,0,4,
1698,7,26,0,4,
1699,7,27,0,4,
1700,8,9,0,4,3.2330885479767004
1701,8,10,0,4,3.2148215764220556
1702,8,11,0,4,1.6218784060785336e-30
1703,8,12,0,4,3.2148215764220542
1704,8,13,0,4,5.131887239234205
1705,8,14,0,4,5.131887239234202
1706,8,15,0,4,5.387724549720638
1707,8,16,0,4,
1708,8,17,0,4,
1709,8,18,0,4,
1710,8,19,0,4,
1711,8,20,0,4,
1712,8,21,0,4,
1713,8,22,0,4,
1714,8,23,0,4,
1715,8,24,0,4,
1716,8,25,0,4,
1717,8,26,0,4,
1718,8,27,0,4,
1719,9,10,0,4,2.2690389625137223e-29
1720,9,11,0,4,3.2148215764220547
1721,9,12,0,4,2.9684744176425843e-29
1722,9,13,0,4,3.2330885479766995
1723,9,14,0,4,3.2330885479766973
1724,9,15,0,4,5.314436326482792
1725,9,16,0,4,
1726,9,17,0,4,
1727,9,18,0,4,
1728,9,19,0,4,
1729,9,20,0,4,
1730,9,21,0,4,
1731,9,22,0,4,
1732,9,23,0,4,
1733,9,24,0,4,
1734,9,25,0,4,
1735,9,26,0,4,
1736,9,27,0,4,
1737,10,11,0,4,4.301349353549543
1738,10,12,0,4,3.3761014857637397
1739,10,13,0,4,4.894075772920245
1740,10,14,0,4,4.894075772920243
1741,10,15,0,4,5.103041716792396
1742,10,16,0,4,
1743,10,17,0,4,
1744,10,18,0,4,
1745,10,19,0,4,
1746,10,20,0,4,
1747,10,21,0,4,
1748,10,22,0,4,
1749,10,23,0,4,
1750,10,24,0,4,
1751,10,25,0,4,
1752,10,26,0,4,
1753,10,27,0,4,
1754,11,12,0,4,3.233088547976694
1755,11,13,0,4,6.49911755357183e-30
1756,11,14,0,4,5.232376244705084e-30
1757,11,15,0,4,3.9271480274995345
1758,11,16,0,4,
1759,11,17,0,4,
1760,11,18,0,4,
1761,11,19,0,4,
1762,11,20,0,4,
1763,11,21,0,4,
1764,11,22,0,4,
1765,11,23,0,4,
1766,11,24,0,4,
1767,11,25,0,4,
1768,11,26,0,4,
1769,11,27,0,4,
1770,12,13,0,4,4.327851770887854
1771,12,14,0,4,4.327851770887853
1772,12,15,0,4,4.288088393207561
1773,12,16,0,4,
1774,12,17,0,4,
1775,12,18,0,4,
1776,12,19,0,4,
1777,12,20,0,4,
1778,12,21,0,4,
1779,12,22,0,4,
1780,12,23,0,4,
1781,12,24,0,4,
1782,12,25,0,4,
1783,12,26,0,4,
1784,12,27,0,4,
1785,13,14,0,4,5.1200523647355904
1786,13,15,0,4,4.292616031131379
1787,13,16,0,4,
1788,13,17,0,4,
1789,13,18,0,4,
1790,13,19,0,4,
1791,13,20,0,4,
1792,13,21,0,4,
1793,13,22,0,4,
1794,13,23,0,4,
1795,13,24,0,4,
1796,13,25,0,4,
1797,13,26,0,4,
1798,13,27,0,4,
1799,14,15,0,4,5.387724549720639
1800,14,16,0,4,
1801,14,17,0,4,
1802,14,18,0,4,
1803,14,19,0,4,
1804,14,20,0,4,
1805,14,21,0,4,
1806,14,22,0,4,
1807,14,23,0,4,
1808,14,24,0,4,
1809,14,25,0,4,
1810,14,26,0,4,
1811,14,27,0,4,
1812,15,16,0,4,
1813,15,17,0,4,
1814,15,18,0,4,
1815,15,19,0,4,
1816,15,20,0,4,
1817,15,21,0,4,
1818,15,22,0,4,
1819,15,23,0,4,
1820,15,24,0,4,
1821,15,25,0,4,
1822,15,26,0,4,
1823,15,27,0,4,
1824,16,17,0,4,3.7748095669650015
1825,16,18,0,4,3.764731686330618
1826,16,19,0,4,4.976665294430987
1827,16,20,0,4,3.774809566965006
1828,16,21,0,4,8.83120938855799
1829,16,22,0,4,3.638121203340222e-30
1830,16,23,0,4,5.8934231535758865
1831,16,24,0,4,
1832,16,25,0,4,
1833,16,26,0,4,
1834,16,27,0,4,
1835,17,18,0,4,4.392375081955321e-29
1836,17,19,0,4,3.6474633373812604
1837,17,20,0,4,4.976665294430986
1838,17,21,0,4,7.730929165124512
1839,17,22,0,4,3.76473168633062
1840,17,23,0,4,7.102336014817154
1841,17,24,0,4,
1842,17,25,0,4,
1843,17,26,0,4,
1844,17,27,0,4,
1845,18,19,0,4,8.785393950156818
1846,18,20,0,4,10.499921726989356
1847,18,21,0,4,9.800549409730358
1848,18,22,0,4,7.664097797500561
1849,18,23,0,4,4.968392723590392
1850,18,24,0,4,
1851,18,25,0,4,
1852,18,26,0,4,
1853,18,27,0,4,
1854,19,20,0,4,3.774809566965007
1855,19,21,0,4,8.831209388557989
1856,19,22,0,4,1.1838651216048444e-29
1857,19,23,0,4,5.8934231535758865
1858,19,24,0,4,
1859,19,25,0,4,
1860,19,26,0,4,
1861,19,27,0,4,
1862,20,21,0,4,6.85984838274262
1863,20,22,0,4,9.913225135056045
1864,20,23,0,4,9.222063830747079
1865,20,24,0,4,
1866,20,25,0,4,
1867,20,26,0,4,
1868,20,27,0,4,
1869,21,22,0,4,10.499921726989339
1870,21,23,0,4,9.800549409730356
1871,21,24,0,4,
1872,21,25,0,4,
1873,21,26,0,4,
1874,21,27,0,4,
1875,22,23,0,4,8.864047344555274
1876,22,24,0,4,
1877,22,25,0,4,
1878,22,26,0,4,
1879,22,27,0,4,
1880,23,24,0,4,
1881,23,25,0,4,
1882,23,26,0,4,
1883,23,27,0,4,
1884,24,25,0,4,8.381839945865252
1885,24,26,0,4,8.381839945865249
1886,24,27,0,4,7.854963645782795
1887,25,26,0,4,7.830107962587963
1888,25,27,0,4,8.521757783100968
1889,26,27,0,4,2.86704399396125
1890,0,1,0,5,5.554231330878689
1891,0,2,0,5,4.729472801763175
1892,0,3,0,5,1.7484594513563838
1893,0,4,0,5,3.366323739357515
1894,0,5,0,5,4.327331371221624
1895,0,6,0,5,3.2934001616163875
1896,0,7,0,5,3.3663237393575147
1897,0,8,0,5,
1898,0,9,0,5,
1899,0,10,0,5,
1900,0,11,0,5,
1901,0,12,0,5,
1902,0,13,0,5,
1903,0,14,0,5,
1904,0,15,0,5,
1905,0,16,0,5,
1906,0,17,0,5,
1907,0,18,0,5,
1908,0,19,0,5,
1909,0,20,0,5,
1910,0,21,0,5,
1911,0,22,0,5,
1912,0,23,0,5,
1913,0,24,0,5,
1914,0,25,0,5,
1915,0,26,0,5,
1916,0,27,0,5,
1917,1,2,0,5,4.351820219083681
1918,1,3,0,5,2.906624082630825
1919,1,4,0,5,4.350205249188687
1920,1,5,0,5,4.7406230081576854
1921,1,6,0,5,3.0094339391150307
1922,1,7,0,5,4.350205249188686
1923,1,8,0,5,
1924,1,9,0,5,
1925,1,10,0,5,
1926,1,11,0,5,
1927,1,12,0,5,
1928,1,13,0,5,
1929,1,14,0,5,
1930,1,15,0,5,
1931,1,16,0,5,
1932,1,17,0,5,
1933,1,18,0,5,
1934,1,19,0,5,
1935,1,20,0,5,
1936,1,21,0,5,
1937,1,22,0,5,
1938,1,23,0,5,
1939,1,24,0,5,
1940,1,25,0,5,
1941,1,26,0,5,
1942,1,27,0,5,
1943,2,3,0,5,3.007050205949495
1944,2,4,0,5,4.224811926716724
1945,2,5,0,5,5.553203840535326
1946,2,6,0,5,2.904228376445943
1947,2,7,0,5,4.224811926716724
1948,2,8,0,5,
1949,2,9,0,5,
1950,2,10,0,5,
1951,2,11,0,5,
1952,2,12,0,5,
1953,2,13,0,5,
1954,2,14,0,5,
1955,2,15,0,5,
1956,2,16,0,5,
1957,2,17,0,5,
1958,2,18,0,5,
1959,2,19,0,5,
1960,2,20,0,5,
1961,2,21,0,5,
1962,2,22,0,5,
1963,2,23,0,5,
1964,2,24,0,5,
1965,2,25,0,5,
1966,2,26,0,5,
1967,2,27,0,5,
1968,3,4,0,5,5.5500123551025125
1969,3,5,0,5,4.223909153183049
1970,3,6,0,5,4.2287592828023
1971,3,7,0,5,5.550012355102515
1972,3,8,0,5,
1973,3,9,0,5,
1974,3,10,0,5,
1975,3,11,0,5,
1976,3,12,0,5,
1977,3,13,0,5,
1978,3,14,0,5,
1979,3,15,0,5,
1980,3,16,0,5,
1981,3,17,0,5,
1982,3,18,0,5,
1983,3,19,0,5,
1984,3,20,0,5,
1985,3,21,0,5,
1986,3,22,0,5,
1987,3,23,0,5,
1988,3,24,0,5,
1989,3,25,0,5,
1990,3,26,0,5,
1991,3,27,0,5,
1992,4,5,0,5,4.210020718770348
1993,4,6,0,5,4.191051797756558
1994,4,7,0,5,4.233420679843853
1995,4,8,0,5,
1996,4,9,0,5,
1997,4,10,0,5,
1998,4,11,0,5,
1999,4,12,0,5,
2000,4,13,0,5,
2001,4,14,0,5,
2002,4,15,0,5,
2003,4,16,0,5,
2004,4,17,0,5,
2005,4,18,0,5,
2006,4,19,0,5,
2007,4,20,0,5,
2008,4,21,0,5,
2009,4,22,0,5,
2010,4,23,0,5,
2011,4,24,0,5,
2012,4,25,0,5,
2013,4,26,0,5,
2014,4,27,0,5,
2015,5,6,0,5,1.754142997398022
2016,5,7,0,5,4.2140506089490914
2017,5,8,0,5,
2018,5,9,0,5,
2019,5,10,0,5,
2020,5,11,0,5,
2021,5,12,0,5,
2022,5,13,0,5,
2023,5,14,0,5,
2024,5,15,0,5,
2025,5,16,0,5,
2026,5,17,0,5,
2027,5,18,0,5,
2028,5,19,0,5,
2029,5,20,0,5,
2030,5,21,0,5,
2031,5,22,0,5,
2032,5,23,0,5,
2033,5,24,0,5,
2034,5,25,0,5,
2035,5,26,0,5,
2036,5,27,0,5,
2037,6,7,0,5,4.736728037528527
2038,6,8,0,5,
2039,6,9,0,5,
2040,6,10,0,5,
2041,6,11,0,5,
2042,6,12,0,5,
2043,6,13,0,5,
2044,6,14,0,5,
2045,6,15,0,5,
2046,6,16,0,5,
2047,6,17,0,5,
2048,6,18,0,5,
2049,6,19,0,5,
2050,6,20,0,5,
2051,6,21,0,5,
2052,6,22,0,5,
2053,6,23,0,5,
2054,6,24,0,5,
2055,6,25,0,5,
2056,6,26,0,5,
2057,6,27,0,5,
2058,7,8,0,5,
2059,7,9,0,5,
2060,7,10,0,5,
2061,7,11,0,5,
2062,7,12,0,5,
2063,7,13,0,5,
2064,7,14,0,5,
2065,7,15,0,5,
2066,7,16,0,5,
2067,7,17,0,5,
2068,7,18,0,5,
2069,7,19,0,5,
2070,7,20,0,5,
2071,7,21,0,5,
2072,7,22,0,5,
2073,7,23,0,5,
2074,7,24,0,5,
2075,7,25,0,5,
2076,7,26,0,5,
2077,7,27,0,5,
2078,8,9,0,5,4.296943068215769
2079,8,10,0,5,3.0713577807420163
2080,8,11,0,5,4.991531272534893
2081,8,12,0,5,3.0713577807420167
2082,8,13,0,5,4.282651021636809
2083,8,14,0,5,4.282651021636808
2084,8,15,0,5,4.8355500435416
2085,8,16,0,5,
2086,8,17,0,5,
2087,8,18,0,5,
2088,8,19,0,5,
2089,8,20,0,5,
2090,8,21,0,5,
2091,8,22,0,5,
2092,8,23,0,5,
2093,8,24,0,5,
2094,8,25,0,5,
2095,8,26,0,5,
2096,8,27,0,5,
2097,9,10,0,5,4.991531272534895
2098,9,11,0,5,3.07135778074201
2099,9,12,0,5,4.991531272534894
2100,9,13,0,5,4.296943068215767
2101,9,14,0,5,4.296943068215767
2102,9,15,0,5,4.2903298410293
2103,9,16,0,5,
2104,9,17,0,5,
2105,9,18,0,5,
2106,9,19,0,5,
2107,9,20,0,5,
2108,9,21,0,5,
2109,9,22,0,5,
2110,9,23,0,5,
2111,9,24,0,5,
2112,9,25,0,5,
2113,9,26,0,5,
2114,9,27,0,5,
2115,10,11,0,5,2.331100029711118
2116,10,12,0,5,5.335840469146631
2117,10,13,0,5,4.862870781751521
2118,10,14,0,5,4.86287078175152
2119,10,15,0,5,5.393985279624107
2120,10,16,0,5,
2121,10,17,0,5,
2122,10,18,0,5,
2123,10,19,0,5,
2124,10,20,0,5,
2125,10,21,0,5,
2126,10,22,0,5,
2127,10,23,0,5,
2128,10,24,0,5,
2129,10,25,0,5,
2130,10,26,0,5,
2131,10,27,0,5,
2132,11,12,0,5,4.292000534506787
2133,11,13,0,5,4.318261992209018
2134,11,14,0,5,4.3182619922090195
2135,11,15,0,5,3.0480898360181117
2136,11,16,0,5,
2137,11,17,0,5,
2138,11,18,0,5,
2139,11,19,0,5,
2140,11,20,0,5,
2141,11,21,0,5,
2142,11,22,0,5,
2143,11,23,0,5,
2144,11,24,0,5,
2145,11,25,0,5,
2146,11,26,0,5,
2147,11,27,0,5,
2148,12,13,0,5,5.394241508481682
2149,12,14,0,5,5.394241508481681
2150,12,15,0,5,3.363705250869115
2151,12,16,0,5,
2152,12,17,0,5,
2153,12,18,0,5,
2154,12,19,0,5,
2155,12,20,0,5,
2156,12,21,0,5,
2157,12,22,0,5,
2158,12,23,0,5,
2159,12,24,0,5,
2160,12,25,0,5,
2161,12,26,0,5,
2162,12,27,0,5,
2163,13,14,0,5,5.332740254772487
2164,13,15,0,5,4.307630366215362
2165,13,16,0,5,
2166,13,17,0,5,
2167,13,18,0,5,
2168,13,19,0,5,
2169,13,20,0,5,
2170,13,21,0,5,
2171,13,22,0,5,
2172,13,23,0,5,
2173,13,24,0,5,
2174,13,25,0,5,
2175,13,26,0,5,
2176,13,27,0,5,
2177,14,15,0,5,4.835550043541598
2178,14,16,0,5,
2179,14,17,0,5,
2180,14,18,0,5,
2181,14,19,0,5,
2182,14,20,0,5,
2183,14,21,0,5,
2184,14,22,0,5,
2185,14,23,0,5,
2186,14,24,0,5,
2187,14,25,0,5,
2188,14,26,0,5,
2189,14,27,0,5,
2190,15,16,0,5,
2191,15,17,0,5,
2192,15,18,0,5,
2193,15,19,0,5,
2194,15,20,0,5,
2195,15,21,0,5,
2196,15,22,0,5,
2197,15,23,0,5,
2198,15,24,0,5,
2199,15,25,0,5,
2200,15,26,0,5,
2201,15,27,0,5,
2202,16,17,0,5,7.000470408237796
2203,16,18,0,5,6.903417882021385
2204,16,19,0,5,7.115379254722658
2205,16,20,0,5,7.000470408237797
2206,16,21,0,5,7.130082323260098
2207,16,22,0,5,9.215515184045218
2208,16,23,0,5,9.894530782178945
2209,16,24,0,5,
2210,16,25,0,5,
2211,16,26,0,5,
2212,16,27,0,5,
2213,17,18,0,5,4.069989649718061
2214,17,19,0,5,5.923898130948531
2215,17,20,0,5,7.116934927701148
2216,17,21,0,5,6.999032868171251
2217,17,22,0,5,6.9051425380708755
2218,17,23,0,5,8.579762547090958
2219,17,24,0,5,
2220,17,25,0,5,
2221,17,26,0,5,
2222,17,27,0,5,
2223,18,19,0,5,6.832667719398396
2224,18,20,0,5,4.038952069141346
2225,18,21,0,5,3.6514221791196437
2226,18,22,0,5,7.585725327191566
2227,18,23,0,5,8.518194268921267
2228,18,24,0,5,
2229,18,25,0,5,
2230,18,26,0,5,
2231,18,27,0,5,
2232,19,20,0,5,7.000470408237799
2233,19,21,0,5,7.1300823232600985
2234,19,22,0,5,9.21551518404522
2235,19,23,0,5,9.894530782178945
2236,19,24,0,5,
2237,19,25,0,5,
2238,19,26,0,5,
2239,19,27,0,5,
2240,20,21,0,5,6.8751135626352715
2241,20,22,0,5,3.6751334571277434
2242,20,23,0,5,4.051841197156559
2243,20,24,0,5,
2244,20,25,0,5,
2245,20,26,0,5,
2246,20,27,0,5,
2247,21,22,0,5,4.03895206914134
2248,21,23,0,5,3.651422179119648
2249,21,24,0,5,
2250,21,25,0,5,
2251,21,26,0,5,
2252,21,27,0,5,
2253,22,23,0,5,3.7650444366189384
2254,22,24,0,5,
2255,22,25,0,5,
2256,22,26,0,5,
2257,22,27,0,5,
2258,23,24,0,5,
2259,23,25,0,5,
2260,23,26,0,5,
2261,23,27,0,5,
2262,24,25,0,5,8.522755746279376
2263,24,26,0,5,8.522755746279374
2264,24,27,0,5,7.854963645782794
2265,25,26,0,5,7.842240528966368
2266,25,27,0,5,8.521757783100968
2267,26,27,0,5,2.86704399396125
2268,0,1,0,6,5.565542834677776
2269,0,2,0,6,4.191128068690394
2270,0,3,0,6,2.8205380080673654
2271,0,4,0,6,4.211467525940561
2272,0,5,0,6,4.378664794168984
2273,0,6,0,6,5.5004150681105194e-30
2274,0,7,0,6,4.21146752594056
2275,0,8,0,6,
2276,0,9,0,6,
2277,0,10,0,6,
2278,0,11,0,6,
2279,0,12,0,6,
2280,0,13,0,6,
2281,0,14,0,6,
2282,0,15,0,6,
2283,0,16,0,6,
2284,0,17,0,6,
2285,0,18,0,6,
2286,0,19,0,6,
2287,0,20,0,6,
2288,0,21,0,6,
2289,0,22,0,6,
2290,0,23,0,6,
2291,0,24,0,6,
2292,0,25,0,6,
2293,0,26,0,6,
2294,0,27,0,6,
2295,1,2,0,6,4.808880596493167
2296,1,3,0,6,2.9129815998543442
2297,1,4,0,6,4.230737339954618
2298,1,5,0,6,5.557554096940822
2299,1,6,0,6,3.129322758616518
2300,1,7,0,6,4.230737339954619
2301,1,8,0,6,
2302,1,9,0,6,
2303,1,10,0,6,
2304,1,11,0,6,
2305,1,12,0,6,
2306,1,13,0,6,
2307,1,14,0,6,
2308,1,15,0,6,
2309,1,16,0,6,
2310,1,17,0,6,
2311,1,18,0,6,
2312,1,19,0,6,
2313,1,20,0,6,
2314,1,21,0,6,
2315,1,22,0,6,
2316,1,23,0,6,
2317,1,24,0,6,
2318,1,25,0,6,
2319,1,26,0,6,
2320,1,27,0,6,
2321,2,3,0,6,3.134715798605269
2322,2,4,0,6,4.320641696196096
2323,2,5,0,6,4.722191315011071
2324,2,6,0,6,2.896603936418015
2325,2,7,0,6,4.320641696196094
2326,2,8,0,6,
2327,2,9,0,6,
2328,2,10,0,6,
2329,2,11,0,6,
2330,2,12,0,6,
2331,2,13,0,6,
2332,2,14,0,6,
2333,2,15,0,6,
2334,2,16,0,6,
2335,2,17,0,6,
2336,2,18,0,6,
2337,2,19,0,6,
2338,2,20,0,6,
2339,2,21,0,6,
2340,2,22,0,6,
2341,2,23,0,6,
2342,2,24,0,6,
2343,2,25,0,6,
2344,2,26,0,6,
2345,2,27,0,6,
2346,3,4,0,6,4.724374114685159
2347,3,5,0,6,4.322969476284513
2348,3,6,0,6,4.778318108258795
2349,3,7,0,6,4.724374114685159
2350,3,8,0,6,
2351,3,9,0,6,
2352,3,10,0,6,
2353,3,11,0,6,
2354,3,12,0,6,
2355,3,13,0,6,
2356,3,14,0,6,
2357,3,15,0,6,
2358,3,16,0,6,
2359,3,17,0,6,
2360,3,18,0,6,
2361,3,19,0,6,
2362,3,20,0,6,
2363,3,21,0,6,
2364,3,22,0,6,
2365,3,23,0,6,
2366,3,24,0,6,
2367,3,25,0,6,
2368,3,26,0,6,
2369,3,27,0,6,
2370,4,5,0,6,2.864034465746601
2371,4,6,0,6,5.565542834677778
2372,4,7,0,6,4.784960599025613
2373,4,8,0,6,
2374,4,9,0,6,
2375,4,10,0,6,
2376,4,11,0,6,
2377,4,12,0,6,
2378,4,13,0,6,
2379,4,14,0,6,
2380,4,15,0,6,
2381,4,16,0,6,
2382,4,17,0,6,
2383,4,18,0,6,
2384,4,19,0,6,
2385,4,20,0,6,
2386,4,21,0,6,
2387,4,22,0,6,
2388,4,23,0,6,
2389,4,24,0,6,
2390,4,25,0,6,
2391,4,26,0,6,
2392,4,27,0,6,
2393,5,6,0,6,2.8205380080673645
2394,5,7,0,6,3.3848996654160572
2395,5,8,0,6,
2396,5,9,0,6,
2397,5,10,0,6,
2398,5,11,0,6,
2399,5,12,0,6,
2400,5,13,0,6,
2401,5,14,0,6,
2402,5,15,0,6,
2403,5,16,0,6,
2404,5,17,0,6,
2405,5,18,0,6,
2406,5,19,0,6,
2407,5,20,0,6,
2408,5,21,0,6,
2409,5,22,0,6,
2410,5,23,0,6,
2411,5,24,0,6,
2412,5,25,0,6,
2413,5,26,0,6,
2414,5,27,0,6,
2415,6,7,0,6,5.561297700966155
2416,6,8,0,6,
2417,6,9,0,6,
2418,6,10,0,6,
2419,6,11,0,6,
2420,6,12,0,6,
2421,6,13,0,6,
2422,6,14,0,6,
2423,6,15,0,6,
2424,6,16,0,6,
2425,6,17,0,6,
2426,6,18,0,6,
2427,6,19,0,6,
2428,6,20,0,6,
2429,6,21,0,6,
2430,6,22,0,6,
2431,6,23,0,6,
2432,6,24,0,6,
2433,6,25,0,6,
2434,6,26,0,6,
2435,6,27,0,6,
2436,7,8,0,6,
2437,7,9,0,6,
2438,7,10,0,6,
2439,7,11,0,6,
2440,7,12,0,6,
2441,7,13,0,6,
2442,7,14,0,6,
2443,7,15,0,6,
2444,7,16,0,6,
2445,7,17,0,6,
2446,7,18,0,6,
2447,7,19,0,6,
2448,7,20,0,6,
2449,7,21,0,6,
2450,7,22,0,6,
2451,7,23,0,6,
2452,7,24,0,6,
2453,7,25,0,6,
2454,7,26,0,6,
2455,7,27,0,6,
2456,8,9,0,6,4.3013493535495435
2457,8,10,0,6,3.8779195255641503
2458,8,11,0,6,4.399136949374287
2459,8,12,0,6,3.877919525564148
2460,8,13,0,6,3.376101485763737
2461,8,14,0,6,3.3761014857637357
2462,8,15,0,6,4.303715145330396
2463,8,16,0,6,
2464,8,17,0,6,
2465,8,18,0,6,
2466,8,19,0,6,
2467,8,20,0,6,
2468,8,21,0,6,
2469,8,22,0,6,
2470,8,23,0,6,
2471,8,24,0,6,
2472,8,25,0,6,
2473,8,26,0,6,
2474,8,27,0,6,
2475,9,10,0,6,4.399136949374281
2476,9,11,0,6,3.8779195255641583
2477,9,12,0,6,4.399136949374278
2478,9,13,0,6,4.301349353549542
2479,9,14,0,6,4.301349353549542
2480,9,15,0,6,5.1421021354451115
2481,9,16,0,6,
2482,9,17,0,6,
2483,9,18,0,6,
2484,9,19,0,6,
2485,9,20,0,6,
2486,9,21,0,6,
2487,9,22,0,6,
2488,9,23,0,6,
2489,9,24,0,6,
2490,9,25,0,6,
2491,9,26,0,6,
2492,9,27,0,6,
2493,10,11,0,6,3.215585795097229
2494,10,12,0,6,4.2714232507617025
2495,10,13,0,6,5.3614769411948355
2496,10,14,0,6,5.361476941194834
2497,10,15,0,6,4.265339843284171
2498,10,16,0,6,
2499,10,17,0,6,
2500,10,18,0,6,
2501,10,19,0,6,
2502,10,20,0,6,
2503,10,21,0,6,
2504,10,22,0,6,
2505,10,23,0,6,
2506,10,24,0,6,
2507,10,25,0,6,
2508,10,26,0,6,
2509,10,27,0,6,
2510,11,12,0,6,4.310932141405482
2511,11,13,0,6,4.95924559648634
2512,11,14,0,6,4.95924559648634
2513,11,15,0,6,3.206048085727367
2514,11,16,0,6,
2515,11,17,0,6,
2516,11,18,0,6,
2517,11,19,0,6,
2518,11,20,0,6,
2519,11,21,0,6,
2520,11,22,0,6,
2521,11,23,0,6,
2522,11,24,0,6,
2523,11,25,0,6,
2524,11,26,0,6,
2525,11,27,0,6,
2526,12,13,0,6,4.8940757729202415
2527,12,14,0,6,4.894075772920239
2528,12,15,0,6,5.120052364735585
2529,12,16,0,6,
2530,12,17,0,6,
2531,12,18,0,6,
2532,12,19,0,6,
2533,12,20,0,6,
2534,12,21,0,6,
2535,12,22,0,6,
2536,12,23,0,6,
2537,12,24,0,6,
2538,12,25,0,6,
2539,12,26,0,6,
2540,12,27,0,6,
2541,13,14,0,6,4.265339843284169
2542,13,15,0,6,3.217869579478419
2543,13,16,0,6,
2544,13,17,0,6,
2545,13,18,0,6,
2546,13,19,0,6,
2547,13,20,0,6,
2548,13,21,0,6,
2549,13,22,0,6,
2550,13,23,0,6,
2551,13,24,0,6,
2552,13,25,0,6,
2553,13,26,0,6,
2554,13,27,0,6,
2555,14,15,0,6,4.303715145330397
2556,14,16,0,6,
2557,14,17,0,6,
2558,14,18,0,6,
2559,14,19,0,6,
2560,14,20,0,6,
2561,14,21,0,6,
2562,14,22,0,6,
2563,14,23,0,6,
2564,14,24,0,6,
2565,14,25,0,6,
2566,14,26,0,6,
2567,14,27,0,6,
2568,15,16,0,6,
2569,15,17,0,6,
2570,15,18,0,6,
2571,15,19,0,6,
2572,15,20,0,6,
2573,15,21,0,6,
2574,15,22,0,6,
2575,15,23,0,6,
2576,15,24,0,6,
2577,15,25,0,6,
2578,15,26,0,6,
2579,15,27,0,6,
2580,16,17,0,6,7.664097797500556
2581,16,18,0,6,8.768627872827206
2582,16,19,0,6,8.848079824009202
2583,16,20,0,6,7.66409779750057
2584,16,21,0,6,8.58070086866483
2585,16,22,0,6,10.499921726989337
2586,16,23,0,6,9.91322513505605
2587,16,24,0,6,
2588,16,25,0,6,
2589,16,26,0,6,
2590,16,27,0,6,
2591,17,18,0,6,10.55466023685098
2592,17,19,0,6,9.911966829684655
2593,17,20,0,6,8.581602406517124
2594,17,21,0,6,7.663755470785631
2595,17,22,0,6,8.78539395015682
2596,17,23,0,6,8.848579222507858
2597,17,24,0,6,
2598,17,25,0,6,
2599,17,26,0,6,
2600,17,27,0,6,
2601,18,19,0,6,3.752989641054628
2602,18,20,0,6,8.600312851998046e-30
2603,18,21,0,6,6.024112010097498
2604,18,22,0,6,6.814610342414581
2605,18,23,0,6,7.088532664274611
2606,18,24,0,6,
2607,18,25,0,6,
2608,18,26,0,6,
2609,18,27,0,6,
2610,19,20,0,6,7.66409779750057
2611,19,21,0,6,8.58070086866483
2612,19,22,0,6,10.49992172698934
2613,19,23,0,6,9.91322513505605
2614,19,24,0,6,
2615,19,25,0,6,
2616,19,26,0,6,
2617,19,27,0,6,
2618,20,21,0,6,3.75177043304156
2619,20,22,0,6,6.024112010097497
2620,20,23,0,6,2.694163517796081e-29
2621,20,24,0,6,
2622,20,25,0,6,
2623,20,26,0,6,
2624,20,27,0,6,
2625,21,22,0,6,1.2183219864786343e-29
2626,21,23,0,6,6.024112010097502
2627,21,24,0,6,
2628,21,25,0,6,
2629,21,26,0,6,
2630,21,27,0,6,
2631,22,23,0,6,6.859848382742614
2632,22,24,0,6,
2633,22,25,0,6,
2634,22,26,0,6,
2635,22,27,0,6,
2636,23,24,0,6,
2637,23,25,0,6,
2638,23,26,0,6,
2639,23,27,0,6,
2640,24,25,0,6,8.38183994586525
2641,24,26,0,6,8.38183994586525
2642,24,27,0,6,7.835045181883912
2643,25,26,0,6,7.830107962587963
2644,25,27,0,6,8.35955216345588
2645,26,27,0,6,2.882035057207618
2646,0,1,0,7,4.7294728017631735
2647,0,2,0,7,5.554231330878691
2648,0,3,0,7,3.293400161616389
2649,0,4,0,7,4.214817990760693
2650,0,5,0,7,4.2427526857126905
2651,0,6,0,7,1.7484594513563825
2652,0,7,0,7,4.214817990760692
2653,0,8,0,7,
2654,0,9,0,7,
2655,0,10,0,7,
2656,0,11,0,7,
2657,0,12,0,7,
2658,0,13,0,7,
2659,0,14,0,7,
2660,0,15,0,7,
2661,0,16,0,7,
2662,0,17,0,7,
2663,0,18,0,7,
2664,0,19,0,7,
2665,0,20,0,7,
2666,0,21,0,7,
2667,0,22,0,7,
2668,0,23,0,7,
2669,0,24,0,7,
2670,0,25,0,7,
2671,0,26,0,7,
2672,0,27,0,7,
2673,1,2,0,7,4.226455456204832
2674,1,3,0,7,3.0094339391150293
2675,1,4,0,7,4.3878007691515855
2676,1,5,0,7,5.553044738496836
2677,1,6,0,7,2.906624082630823
2678,1,7,0,7,4.387800769151586
2679,1,8,0,7,
2680,1,9,0,7,
2681,1,10,0,7,
2682,1,11,0,7,
2683,1,12,0,7,
2684,1,13,0,7,
2685,1,14,0,7,
2686,1,15,0,7,
2687,1,16,0,7,
2688,1,17,0,7,
2689,1,18,0,7,
2690,1,19,0,7,
2691,1,20,0,7,
2692,1,21,0,7,
2693,1,22,0,7,
2694,1,23,0,7,
2695,1,24,0,7,
2696,1,25,0,7,
2697,1,26,0,7,
2698,1,27,0,7,
2699,2,3,0,7,2.9042283764459427
2700,2,4,0,7,4.7923509653764595
2701,2,5,0,7,4.180997135018875
2702,2,6,0,7,3.0070502059494957
2703,2,7,0,7,4.792350965376458
2704,2,8,0,7,
2705,2,9,0,7,
2706,2,10,0,7,
2707,2,11,0,7,
2708,2,12,0,7,
2709,2,13,0,7,
2710,2,14,0,7,
2711,2,15,0,7,
2712,2,16,0,7,
2713,2,17,0,7,
2714,2,18,0,7,
2715,2,19,0,7,
2716,2,20,0,7,
2717,2,21,0,7,
2718,2,22,0,7,
2719,2,23,0,7,
2720,2,24,0,7,
2721,2,25,0,7,
2722,2,26,0,7,
2723,2,27,0,7,
2724,3,4,0,7,5.563397620788155
2725,3,5,0,7,4.367141565551718
2726,3,6,0,7,4.356725744370735
2727,3,7,0,7,5.563397620788154
2728,3,8,0,7,
2729,3,9,0,7,
2730,3,10,0,7,
2731,3,11,0,7,
2732,3,12,0,7,
2733,3,13,0,7,
2734,3,14,0,7,
2735,3,15,0,7,
2736,3,16,0,7,
2737,3,17,0,7,
2738,3,18,0,7,
2739,3,19,0,7,
2740,3,20,0,7,
2741,3,21,0,7,
2742,3,22,0,7,
2743,3,23,0,7,
2744,3,24,0,7,
2745,3,25,0,7,
2746,3,26,0,7,
2747,3,27,0,7,
2748,4,5,0,7,4.214024757060898
2749,4,6,0,7,4.73672803752853
2750,4,7,0,7,4.386474443749847
2751,4,8,0,7,
2752,4,9,0,7,
2753,4,10,0,7,
2754,4,11,0,7,
2755,4,12,0,7,
2756,4,13,0,7,
2757,4,14,0,7,
2758,4,15,0,7,
2759,4,16,0,7,
2760,4,17,0,7,
2761,4,18,0,7,
2762,4,19,0,7,
2763,4,20,0,7,
2764,4,21,0,7,
2765,4,22,0,7,
2766,4,23,0,7,
2767,4,24,0,7,
2768,4,25,0,7,
2769,4,26,0,7,
2770,4,27,0,7,
2771,5,6,0,7,3.2932330876405134
2772,5,7,0,7,2.865169752241232
2773,5,8,0,7,
2774,5,9,0,7,
2775,5,10,0,7,
2776,5,11,0,7,
2777,5,12,0,7,
2778,5,13,0,7,
2779,5,14,0,7,
2780,5,15,0,7,
2781,5,16,0,7,
2782,5,17,0,7,
2783,5,18,0,7,
2784,5,19,0,7,
2785,5,20,0,7,
2786,5,21,0,7,
2787,5,22,0,7,
2788,5,23,0,7,
2789,5,24,0,7,
2790,5,25,0,7,
2791,5,26,0,7,
2792,5,27,0,7,
2793,6,7,0,7,4.191051797756557
2794,6,8,0,7,
2795,6,9,0,7,
2796,6,10,0,7,
2797,6,11,0,7,
2798,6,12,0,7,
2799,6,13,0,7,
2800,6,14,0,7,
2801,6,15,0,7,
2802,6,16,0,7,
2803,6,17,0,7,
2804,6,18,0,7,
2805,6,19,0,7,
2806,6,20,0,7,
2807,6,21,0,7,
2808,6,22,0,7,
2809,6,23,0,7,
2810,6,24,0,7,
2811,6,25,0,7,
2812,6,26,0,7,
2813,6,27,0,7,
2814,7,8,0,7,
2815,7,9,0,7,
2816,7,10,0,7,
2817,7,11,0,7,
2818,7,12,0,7,
2819,7,13,0,7,
2820,7,14,0,7,
2821,7,15,0,7,
2822,7,16,0,7,
2823,7,17,0,7,
2824,7,18,0,7,
2825,7,19,0,7,
2826,7,20,0,7,
2827,7,21,0,7,
2828,7,22,0,7,
2829,7,23,0,7,
2830,7,24,0,7,
2831,7,25,0,7,
2832,7,26,0,7,
2833,7,27,0,7,
2834,8,9,0,7,2.349125402828643
2835,8,10,0,7,3.9336930588721244
2836,8,11,0,7,1.9606664274240546
2837,8,12,0,7,3.933693058872125
2838,8,13,0,7,5.344429810376004
2839,8,14,0,7,5.3444298103760035
2840,8,15,0,7,4.863903414749087
2841,8,16,0,7,
2842,8,17,0,7,
2843,8,18,0,7,
2844,8,19,0,7,
2845,8,20,0,7,
2846,8,21,0,7,
2847,8,22,0,7,
2848,8,23,0,7,
2849,8,24,0,7,
2850,8,25,0,7,
2851,8,26,0,7,
2852,8,27,0,7,
2853,9,10,0,7,1.9606664274240528
2854,9,11,0,7,3.9336930588721253
2855,9,12,0,7,1.9606664274240528
2856,9,13,0,7,2.349125402828642
2857,9,14,0,7,2.349125402828641
2858,9,15,0,7,3.362312851089274
2859,9,16,0,7,
2860,9,17,0,7,
2861,9,18,0,7,
2862,9,19,0,7,
2863,9,20,0,7,
2864,9,21,0,7,
2865,9,22,0,7,
2866,9,23,0,7,
2867,9,24,0,7,
2868,9,25,0,7,
2869,9,26,0,7,
2870,9,27,0,7,
2871,10,11,0,7,4.316658997337884
2872,10,12,0,7,5.11600217797874
2873,10,13,0,7,4.303648192755248
2874,10,14,0,7,4.3036481927552455
2875,10,15,0,7,3.372348652058799
2876,10,16,0,7,
2877,10,17,0,7,
2878,10,18,0,7,
2879,10,19,0,7,
2880,10,20,0,7,
2881,10,21,0,7,
2882,10,22,0,7,
2883,10,23,0,7,
2884,10,24,0,7,
2885,10,25,0,7,
2886,10,26,0,7,
2887,10,27,0,7,
2888,11,12,0,7,2.2338603935327614
2889,11,13,0,7,1.9608512553008839
2890,11,14,0,7,1.9608512553008823
2891,11,15,0,7,3.850279646277658
2892,11,16,0,7,
2893,11,17,0,7,
2894,11,18,0,7,
2895,11,19,0,7,
2896,11,20,0,7,
2897,11,21,0,7,
2898,11,22,0,7,
2899,11,23,0,7,
2900,11,24,0,7,
2901,11,25,0,7,
2902,11,26,0,7,
2903,11,27,0,7,
2904,12,13,0,7,4.843407263498251
2905,12,14,0,7,4.84340726349825
2906,12,15,0,7,5.309588263042283
2907,12,16,0,7,
2908,12,17,0,7,
2909,12,18,0,7,
2910,12,19,0,7,
2911,12,20,0,7,
2912,12,21,0,7,
2913,12,22,0,7,
2914,12,23,0,7,
2915,12,24,0,7,
2916,12,25,0,7,
2917,12,26,0,7,
2918,12,27,0,7,
2919,13,14,0,7,3.37602272539391
2920,13,15,0,7,2.3221375659874504
2921,13,16,0,7,
2922,13,17,0,7,
2923,13,18,0,7,
2924,13,19,0,7,
2925,13,20,0,7,
2926,13,21,0,7,
2927,13,22,0,7,
2928,13,23,0,7,
2929,13,24,0,7,
2930,13,25,0,7,
2931,13,26,0,7,
2932,13,27,0,7,
2933,14,15,0,7,4.863903414749088
2934,14,16,0,7,
2935,14,17,0,7,
2936,14,18,0,7,
2937,14,19,0,7,
2938,14,20,0,7,
2939,14,21,0,7,
2940,14,22,0,7,
2941,14,23,0,7,
2942,14,24,0,7,
2943,14,25,0,7,
2944,14,26,0,7,
2945,14,27,0,7,
2946,15,16,0,7,
2947,15,17,0,7,
2948,15,18,0,7,
2949,15,19,0,7,
2950,15,20,0,7,
2951,15,21,0,7,
2952,15,22,0,7,
2953,15,23,0,7,
2954,15,24,0,7,
2955,15,25,0,7,
2956,15,26,0,7,
2957,15,27,0,7,
2958,16,17,0,7,7.624042499578879
2959,16,18,0,7,6.900278503383982
2960,16,19,0,7,8.587047144706213
2961,16,20,0,7,7.624042499578887
2962,16,21,0,7,4.996809693285153
2963,16,22,0,7,4.069449485707149
2964,16,23,0,7,3.6901692139599285
2965,16,24,0,7,
2966,16,25,0,7,
2967,16,26,0,7,
2968,16,27,0,7,
2969,17,18,0,7,9.21810819531416
2970,17,19,0,7,9.926278965962593
2971,17,20,0,7,8.873175355860967
2972,17,21,0,7,3.8313203391627066
2973,17,22,0,7,6.902367468652455
2974,17,23,0,7,4.990460824380859
2975,17,24,0,7,
2976,17,25,0,7,
2977,17,26,0,7,
2978,17,27,0,7,
2979,18,19,0,7,6.727656142618775
2980,18,20,0,7,9.12869000014654
2981,18,21,0,7,9.898055113492687
2982,18,22,0,7,3.8273846441421693
2983,18,23,0,7,8.84486165196359
2984,18,24,0,7,
2985,18,25,0,7,
2986,18,26,0,7,
2987,18,27,0,7,
2988,19,20,0,7,7.624042499578887
2989,19,21,0,7,4.996809693285154
2990,19,22,0,7,4.06944948570715
2991,19,23,0,7,3.6901692139599285
2992,19,24,0,7,
2993,19,25,0,7,
2994,19,26,0,7,
2995,19,27,0,7,
2996,20,21,0,7,8.776438832270612
2997,20,22,0,7,9.891882534052526
2998,20,23,0,7,10.541984188150492
2999,20,24,0,7,
3000,20,25,0,7,
3001,20,26,0,7,
3002,20,27,0,7,
3003,21,22,0,7,9.128690000146523
3004,21,23,0,7,9.898055113492687
3005,21,24,0,7,
3006,21,25,0,7,
3007,21,26,0,7,
3008,21,27,0,7,
3009,22,23,0,7,6.888690380159547
3010,22,24,0,7,
3011,22,25,0,7,
3012,22,26,0,7,
3013,22,27,0,7,
3014,23,24,0,7,
3015,23,25,0,7,
3016,23,26,0,7,
3017,23,27,0,7,
3018,24,25,0,7,8.522755746279374
3019,24,26,0,7,8.522755746279376
3020,24,27,0,7,7.835045181883914
3021,25,26,0,7,7.84224052896637
3022,25,27,0,7,8.359552163455884
3023,26,27,0,7,2.8820350572076183
3024,0,1,0,8,4.21146752594056
3025,0,2,0,8,4.211467525940563
3026,0,3,0,8,4.378664794168986
3027,0,4,0,8,3.129322758616517
3028,0,5,0,8,4.778318108258791
3029,0,6,0,8,4.378664794168986
3030,0,7,0,8,5.565542834677776
3031,0,8,0,8,
3032,0,9,0,8,
3033,0,10,0,8,
3034,0,11,0,8,
3035,0,12,0,8,
3036,0,13,0,8,
3037,0,14,0,8,
3038,0,15,0,8,
3039,0,16,0,8,
3040,0,17,0,8,
3041,0,18,0,8,
3042,0,19,0,8,
3043,0,20,0,8,
3044,0,21,0,8,
3045,0,22,0,8,
3046,0,23,0,8,
3047,0,24,0,8,
3048,0,25,0,8,
3049,0,26,0,8,
3050,0,27,0,8,
3051,1,2,0,8,4.230737339954621
3052,1,3,0,8,5.557554096940824
3053,1,4,0,8,4.3250564989969055e-30
3054,1,5,0,8,2.8647465022206315
3055,1,6,0,8,5.557554096940824
3056,1,7,0,8,4.378843075560889
3057,1,8,0,8,
3058,1,9,0,8,
3059,1,10,0,8,
3060,1,11,0,8,
3061,1,12,0,8,
3062,1,13,0,8,
3063,1,14,0,8,
3064,1,15,0,8,
3065,1,16,0,8,
3066,1,17,0,8,
3067,1,18,0,8,
3068,1,19,0,8,
3069,1,20,0,8,
3070,1,21,0,8,
3071,1,22,0,8,
3072,1,23,0,8,
3073,1,24,0,8,
3074,1,25,0,8,
3075,1,26,0,8,
3076,1,27,0,8,
3077,2,3,0,8,4.722191315011074
3078,2,4,0,8,1.7419977603181411
3079,2,5,0,8,3.3690677919731837
3080,2,6,0,8,4.722191315011074
3081,2,7,0,8,4.23880314111791
3082,2,8,0,8,
3083,2,9,0,8,
3084,2,10,0,8,
3085,2,11,0,8,
3086,2,12,0,8,
3087,2,13,0,8,
3088,2,14,0,8,
3089,2,15,0,8,
3090,2,16,0,8,
3091,2,17,0,8,
3092,2,18,0,8,
3093,2,19,0,8,
3094,2,20,0,8,
3095,2,21,0,8,
3096,2,22,0,8,
3097,2,23,0,8,
3098,2,24,0,8,
3099,2,25,0,8,
3100,2,26,0,8,
3101,2,27,0,8,
3102,3,4,0,8,2.8647465022206324
3103,3,5,0,8,2.7286166921484092e-30
3104,3,6,0,8,4.322969476284516
3105,3,7,0,8,2.8935412689883417
3106,3,8,0,8,
3107,3,9,0,8,
3108,3,10,0,8,
3109,3,11,0,8,
3110,3,12,0,8,
3111,3,13,0,8,
3112,3,14,0,8,
3113,3,15,0,8,
3114,3,16,0,8,
3115,3,17,0,8,
3116,3,18,0,8,
3117,3,19,0,8,
3118,3,20,0,8,
3119,3,21,0,8,
3120,3,22,0,8,
3121,3,23,0,8,
3122,3,24,0,8,
3123,3,25,0,8,
3124,3,26,0,8,
3125,3,27,0,8,
3126,4,5,0,8,2.8935412689883426
3127,4,6,0,8,2.8640344657466024
3128,4,7,0,8,4.83553108195477e-30
3129,4,8,0,8,
3130,4,9,0,8,
3131,4,10,0,8,
3132,4,11,0,8,
3133,4,12,0,8,
3134,4,13,0,8,
3135,4,14,0,8,
3136,4,15,0,8,
3137,4,16,0,8,
3138,4,17,0,8,
3139,4,18,0,8,
3140,4,19,0,8,
3141,4,20,0,8,
3142,4,21,0,8,
3143,4,22,0,8,
3144,4,23,0,8,
3145,4,24,0,8,
3146,4,25,0,8,
3147,4,26,0,8,
3148,4,27,0,8,
3149,5,6,0,8,4.3206416961960885
3150,5,7,0,8,5.561297700966151
3151,5,8,0,8,
3152,5,9,0,8,
3153,5,10,0,8,
3154,5,11,0,8,
3155,5,12,0,8,
3156,5,13,0,8,
3157,5,14,0,8,
3158,5,15,0,8,
3159,5,16,0,8,
3160,5,17,0,8,
3161,5,18,0,8,
3162,5,19,0,8,
3163,5,20,0,8,
3164,5,21,0,8,
3165,5,22,0,8,
3166,5,23,0,8,
3167,5,24,0,8,
3168,5,25,0,8,
3169,5,26,0,8,
3170,5,27,0,8,
3171,6,7,0,8,3.020667421852838
3172,6,8,0,8,
3173,6,9,0,8,
3174,6,10,0,8,
3175,6,11,0,8,
3176,6,12,0,8,
3177,6,13,0,8,
3178,6,14,0,8,
3179,6,15,0,8,
3180,6,16,0,8,
3181,6,17,0,8,
3182,6,18,0,8,
3183,6,19,0,8,
3184,6,20,0,8,
3185,6,21,0,8,
3186,6,22,0,8,
3187,6,23,0,8,
3188,6,24,0,8,
3189,6,25,0,8,
3190,6,26,0,8,
3191,6,27,0,8,
3192,7,8,0,8,
3193,7,9,0,8,
3194,7,10,0,8,
3195,7,11,0,8,
3196,7,12,0,8,
3197,7,13,0,8,
3198,7,14,0,8,
3199,7,15,0,8,
3200,7,16,0,8,
3201,7,17,0,8,
3202,7,18,0,8,
3203,7,19,0,8,
3204,7,20,0,8,
3205,7,21,0,8,
3206,7,22,0,8,
3207,7,23,0,8,
3208,7,24,0,8,
3209,7,25,0,8,
3210,7,26,0,8,
3211,7,27,0,8,
3212,8,9,0,8,5.387724549720639
3213,8,10,0,8,4.303715145330395
3214,8,11,0,8,5.314436326482795
3215,8,12,0,8,5.387724549720639
3216,8,13,0,8,4.399136949374288
3217,8,14,0,8,5.3144363264827925
3218,8,15,0,8,3.2148215764220542
3219,8,16,0,8,
3220,8,17,0,8,
3221,8,18,0,8,
3222,8,19,0,8,
3223,8,20,0,8,
3224,8,21,0,8,
3225,8,22,0,8,
3226,8,23,0,8,
3227,8,24,0,8,
3228,8,25,0,8,
3229,8,26,0,8,
3230,8,27,0,8,
3231,9,10,0,8,5.14210213544511
3232,9,11,0,8,5.38772454972064
3233,9,12,0,8,5.314436326482791
3234,9,13,0,8,3.877919525564159
3235,9,14,0,8,5.387724549720639
3236,9,15,0,8,1.2715527277885406e-29
3237,9,16,0,8,
3238,9,17,0,8,
3239,9,18,0,8,
3240,9,19,0,8,
3241,9,20,0,8,
3242,9,21,0,8,
3243,9,22,0,8,
3244,9,23,0,8,
3245,9,24,0,8,
3246,9,25,0,8,
3247,9,26,0,8,
3248,9,27,0,8,
3249,10,11,0,8,3.933956986172981
3250,10,12,0,8,5.103041716792394
3251,10,13,0,8,3.215585795097228
3252,10,14,0,8,3.9339569861729817
3253,10,15,0,8,3.3761014857637375
3254,10,16,0,8,
3255,10,17,0,8,
3256,10,18,0,8,
3257,10,19,0,8,
3258,10,20,0,8,
3259,10,21,0,8,
3260,10,22,0,8,
3261,10,23,0,8,
3262,10,24,0,8,
3263,10,25,0,8,
3264,10,26,0,8,
3265,10,27,0,8,
3266,11,12,0,8,3.927148027499536
3267,11,13,0,8,5.353626388261588
3268,11,14,0,8,4.288088393207559
3269,11,15,0,8,3.2330885479766955
3270,11,16,0,8,
3271,11,17,0,8,
3272,11,18,0,8,
3273,11,19,0,8,
3274,11,20,0,8,
3275,11,21,0,8,
3276,11,22,0,8,
3277,11,23,0,8,
3278,11,24,0,8,
3279,11,25,0,8,
3280,11,26,0,8,
3281,11,27,0,8,
3282,12,13,0,8,4.310932141405486
3283,12,14,0,8,3.9271480274995385
3284,12,15,0,8,5.131887239234203
3285,12,16,0,8,
3286,12,17,0,8,
3287,12,18,0,8,
3288,12,19,0,8,
3289,12,20,0,8,
3290,12,21,0,8,
3291,12,22,0,8,
3292,12,23,0,8,
3293,12,24,0,8,
3294,12,25,0,8,
3295,12,26,0,8,
3296,12,27,0,8,
3297,13,14,0,8,4.373074335428352
3298,13,15,0,8,4.303715145330395
3299,13,16,0,8,
3300,13,17,0,8,
3301,13,18,0,8,
3302,13,19,0,8,
3303,13,20,0,8,
3304,13,21,0,8,
3305,13,22,0,8,
3306,13,23,0,8,
3307,13,24,0,8,
3308,13,25,0,8,
3309,13,26,0,8,
3310,13,27,0,8,
3311,14,15,0,8,3.214821576422055
3312,14,16,0,8,
3313,14,17,0,8,
3314,14,18,0,8,
3315,14,19,0,8,
3316,14,20,0,8,
3317,14,21,0,8,
3318,14,22,0,8,
3319,14,23,0,8,
3320,14,24,0,8,
3321,14,25,0,8,
3322,14,26,0,8,
3323,14,27,0,8,
3324,15,16,0,8,
3325,15,17,0,8,
3326,15,18,0,8,
3327,15,19,0,8,
3328,15,20,0,8,
3329,15,21,0,8,
3330,15,22,0,8,
3331,15,23,0,8,
3332,15,24,0,8,
3333,15,25,0,8,
3334,15,26,0,8,
3335,15,27,0,8,
3336,16,17,0,8,5.8934231535758865
3337,16,18,0,8,9.913225135056049
3338,16,19,0,8,8.83120938855799
3339,16,20,0,8,8.768627872827212
3340,16,21,0,8,8.848079824009211
3341,16,22,0,8,4.976665294430986
3342,16,23,0,8,3.7748095669650015
3343,16,24,0,8,
3344,16,25,0,8,
3345,16,26,0,8,
3346,16,27,0,8,
3347,17,18,0,8,8.848579222507862
3348,17,19,0,8,7.730929165124513
3349,17,20,0,8,10.55466023685099
3350,17,21,0,8,9.911966829684657
3351,17,22,0,8,3.64746333738126
3352,17,23,0,8,4.976665294430981
3353,17,24,0,8,
3354,17,25,0,8,
3355,17,26,0,8,
3356,17,27,0,8,
3357,18,19,0,8,9.800549409730355
3358,18,20,0,8,6.981188558963111
3359,18,21,0,8,3.752989641054626
3360,18,22,0,8,8.785393950156816
3361,18,23,0,8,10.499921726989347
3362,18,24,0,8,
3363,18,25,0,8,
3364,18,26,0,8,
3365,18,27,0,8,
3366,19,20,0,8,8.76862787282721
3367,19,21,0,8,8.84807982400921
3368,19,22,0,8,4.976665294430987
3369,19,23,0,8,3.7748095669650032
3370,19,24,0,8,
3371,19,25,0,8,
3372,19,26,0,8,
3373,19,27,0,8,
3374,20,21,0,8,6.952952328327043
3375,20,22,0,8,7.6637554707856275
3376,20,23,0,8,8.580700868664836
3377,20,24,0,8,
3378,20,25,0,8,
3379,20,26,0,8,
3380,20,27,0,8,
3381,21,22,0,8,8.58160240651711
3382,21,23,0,8,7.664097797500566
3383,21,24,0,8,
3384,21,25,0,8,
3385,21,26,0,8,
3386,21,27,0,8,
3387,22,23,0,8,5.89342315357588
3388,22,24,0,8,
3389,22,25,0,8,
3390,22,26,0,8,
3391,22,27,0,8,
3392,23,24,0,8,
3393,23,25,0,8,
3394,23,26,0,8,
3395,23,27,0,8,
3396,24,25,0,8,4.939132931348801
3397,24,26,0,8,2.867043993961249
3398,24,27,0,8,7.830063088874177
3399,25,26,0,8,1.087209389737225
3400,25,27,0,8,4.90817719813977
3401,26,27,0,8,8.38183994586525
3402,0,1,0,9,4.214817990760693
3403,0,2,0,9,4.214817990760694
3404,0,3,0,9,4.242752685712691
3405,0,4,0,9,2.8892052463842175
3406,0,5,0,9,4.362206491971465
3407,0,6,0,9,4.242752685712693
3408,0,7,0,9,4.72947280176317
3409,0,8,0,9,
3410,0,9,0,9,
3411,0,10,0,9,
3412,0,11,0,9,
3413,0,12,0,9,
3414,0,13,0,9,
3415,0,14,0,9,
3416,0,15,0,9,
3417,0,16,0,9,
3418,0,17,0,9,
3419,0,18,0,9,
3420,0,19,0,9,
3421,0,20,0,9,
3422,0,21,0,9,
3423,0,22,0,9,
3424,0,23,0,9,
3425,0,24,0,9,
3426,0,25,0,9,
3427,0,26,0,9,
3428,0,27,0,9,
3429,1,2,0,9,4.387800769151589
3430,1,3,0,9,5.553044738496837
3431,1,4,0,9,2.823486802026905
3432,1,5,0,9,4.209199141201812
3433,1,6,0,9,5.553044738496838
3434,1,7,0,9,4.351820219083678
3435,1,8,0,9,
3436,1,9,0,9,
3437,1,10,0,9,
3438,1,11,0,9,
3439,1,12,0,9,
3440,1,13,0,9,
3441,1,14,0,9,
3442,1,15,0,9,
3443,1,16,0,9,
3444,1,17,0,9,
3445,1,18,0,9,
3446,1,19,0,9,
3447,1,20,0,9,
3448,1,21,0,9,
3449,1,22,0,9,
3450,1,23,0,9,
3451,1,24,0,9,
3452,1,25,0,9,
3453,1,26,0,9,
3454,1,27,0,9,
3455,2,3,0,9,4.180997135018876
3456,2,4,0,9,3.2945948290909044
3457,2,5,0,9,4.208070916731814
3458,2,6,0,9,4.180997135018877
3459,2,7,0,9,4.774725853264464
3460,2,8,0,9,
3461,2,9,0,9,
3462,2,10,0,9,
3463,2,11,0,9,
3464,2,12,0,9,
3465,2,13,0,9,
3466,2,14,0,9,
3467,2,15,0,9,
3468,2,16,0,9,
3469,2,17,0,9,
3470,2,18,0,9,
3471,2,19,0,9,
3472,2,20,0,9,
3473,2,21,0,9,
3474,2,22,0,9,
3475,2,23,0,9,
3476,2,24,0,9,
3477,2,25,0,9,
3478,2,26,0,9,
3479,2,27,0,9,
3480,3,4,0,9,4.206112796778986
3481,3,5,0,9,3.29121069226931
3482,3,6,0,9,4.367141565551721
3483,3,7,0,9,2.8992440887740685
3484,3,8,0,9,
3485,3,9,0,9,
3486,3,10,0,9,
3487,3,11,0,9,
3488,3,12,0,9,
3489,3,13,0,9,
3490,3,14,0,9,
3491,3,15,0,9,
3492,3,16,0,9,
3493,3,17,0,9,
3494,3,18,0,9,
3495,3,19,0,9,
3496,3,20,0,9,
3497,3,21,0,9,
3498,3,22,0,9,
3499,3,23,0,9,
3500,3,24,0,9,
3501,3,25,0,9,
3502,3,26,0,9,
3503,3,27,0,9,
3504,4,5,0,9,2.9066814483249037
3505,4,6,0,9,4.214024757060901
3506,4,7,0,9,3.292375355638433
3507,4,8,0,9,
3508,4,9,0,9,
3509,4,10,0,9,
3510,4,11,0,9,
3511,4,12,0,9,
3512,4,13,0,9,
3513,4,14,0,9,
3514,4,15,0,9,
3515,4,16,0,9,
3516,4,17,0,9,
3517,4,18,0,9,
3518,4,19,0,9,
3519,4,20,0,9,
3520,4,21,0,9,
3521,4,22,0,9,
3522,4,23,0,9,
3523,4,24,0,9,
3524,4,25,0,9,
3525,4,26,0,9,
3526,4,27,0,9,
3527,5,6,0,9,4.776890114545795
3528,5,7,0,9,4.186184570572849
3529,5,8,0,9,
3530,5,9,0,9,
3531,5,10,0,9,
3532,5,11,0,9,
3533,5,12,0,9,
3534,5,13,0,9,
3535,5,14,0,9,
3536,5,15,0,9,
3537,5,16,0,9,
3538,5,17,0,9,
3539,5,18,0,9,
3540,5,19,0,9,
3541,5,20,0,9,
3542,5,21,0,9,
3543,5,22,0,9,
3544,5,23,0,9,
3545,5,24,0,9,
3546,5,25,0,9,
3547,5,26,0,9,
3548,5,27,0,9,
3549,6,7,0,9,3.1263171283250037
3550,6,8,0,9,
3551,6,9,0,9,
3552,6,10,0,9,
3553,6,11,0,9,
3554,6,12,0,9,
3555,6,13,0,9,
3556,6,14,0,9,
3557,6,15,0,9,
3558,6,16,0,9,
3559,6,17,0,9,
3560,6,18,0,9,
3561,6,19,0,9,
3562,6,20,0,9,
3563,6,21,0,9,
3564,6,22,0,9,
3565,6,23,0,9,
3566,6,24,0,9,
3567,6,25,0,9,
3568,6,26,0,9,
3569,6,27,0,9,
3570,7,8,0,9,
3571,7,9,0,9,
3572,7,10,0,9,
3573,7,11,0,9,
3574,7,12,0,9,
3575,7,13,0,9,
3576,7,14,0,9,
3577,7,15,0,9,
3578,7,16,0,9,
3579,7,17,0,9,
3580,7,18,0,9,
3581,7,19,0,9,
3582,7,20,0,9,
3583,7,21,0,9,
3584,7,22,0,9,
3585,7,23,0,9,
3586,7,24,0,9,
3587,7,25,0,9,
3588,7,26,0,9,
3589,7,27,0,9,
3590,8,9,0,9,4.835550043541605
3591,8,10,0,9,4.8639034147490845
3592,8,11,0,9,4.2903298410293
3593,8,12,0,9,4.8355500435416
3594,8,13,0,9,1.9606664274240564
3595,8,14,0,9,4.290329841029301
3596,8,15,0,9,3.0713577807420127
3597,8,16,0,9,
3598,8,17,0,9,
3599,8,18,0,9,
3600,8,19,0,9,
3601,8,20,0,9,
3602,8,21,0,9,
3603,8,22,0,9,
3604,8,23,0,9,
3605,8,24,0,9,
3606,8,25,0,9,
3607,8,26,0,9,
3608,8,27,0,9,
3609,9,10,0,9,3.3623128510892757
3610,9,11,0,9,4.835550043541604
3611,9,12,0,9,4.290329841029302
3612,9,13,0,9,3.933693058872127
3613,9,14,0,9,4.8355500435416
3614,9,15,0,9,4.991531272534895
3615,9,16,0,9,
3616,9,17,0,9,
3617,9,18,0,9,
3618,9,19,0,9,
3619,9,20,0,9,
3620,9,21,0,9,
3621,9,22,0,9,
3622,9,23,0,9,
3623,9,24,0,9,
3624,9,25,0,9,
3625,9,26,0,9,
3626,9,27,0,9,
3627,10,11,0,9,3.195977731131356
3628,10,12,0,9,5.39398527962411
3629,10,13,0,9,4.3166589973378855
3630,10,14,0,9,3.195977731131354
3631,10,15,0,9,5.335840469146633
3632,10,16,0,9,
3633,10,17,0,9,
3634,10,18,0,9,
3635,10,19,0,9,
3636,10,20,0,9,
3637,10,21,0,9,
3638,10,22,0,9,
3639,10,23,0,9,
3640,10,24,0,9,
3641,10,25,0,9,
3642,10,26,0,9,
3643,10,27,0,9,
3644,11,12,0,9,3.0480898360181166
3645,11,13,0,9,3.3825238346931927
3646,11,14,0,9,3.363705250869112
3647,11,15,0,9,4.292000534506789
3648,11,16,0,9,
3649,11,17,0,9,
3650,11,18,0,9,
3651,11,19,0,9,
3652,11,20,0,9,
3653,11,21,0,9,
3654,11,22,0,9,
3655,11,23,0,9,
3656,11,24,0,9,
3657,11,25,0,9,
3658,11,26,0,9,
3659,11,27,0,9,
3660,12,13,0,9,2.2338603935327646
3661,12,14,0,9,3.0480898360181152
3662,12,15,0,9,4.276416522824004
3663,12,16,0,9,
3664,12,17,0,9,
3665,12,18,0,9,
3666,12,19,0,9,
3667,12,20,0,9,
3668,12,21,0,9,
3669,12,22,0,9,
3670,12,23,0,9,
3671,12,24,0,9,
3672,12,25,0,9,
3673,12,26,0,9,
3674,12,27,0,9,
3675,13,14,0,9,4.952746331791425
3676,13,15,0,9,4.864106981344517
3677,13,16,0,9,
3678,13,17,0,9,
3679,13,18,0,9,
3680,13,19,0,9,
3681,13,20,0,9,
3682,13,21,0,9,
3683,13,22,0,9,
3684,13,23,0,9,
3685,13,24,0,9,
3686,13,25,0,9,
3687,13,26,0,9,
3688,13,27,0,9,
3689,14,15,0,9,3.071357780742013
3690,14,16,0,9,
3691,14,17,0,9,
3692,14,18,0,9,
3693,14,19,0,9,
3694,14,20,0,9,
3695,14,21,0,9,
3696,14,22,0,9,
3697,14,23,0,9,
3698,14,24,0,9,
3699,14,25,0,9,
3700,14,26,0,9,
3701,14,27,0,9,
3702,15,16,0,9,
3703,15,17,0,9,
3704,15,18,0,9,
3705,15,19,0,9,
3706,15,20,0,9,
3707,15,21,0,9,
3708,15,22,0,9,
3709,15,23,0,9,
3710,15,24,0,9,
3711,15,25,0,9,
3712,15,26,0,9,
3713,15,27,0,9,
3714,16,17,0,9,9.894530782178945
3715,16,18,0,9,3.6901692139599445
3716,16,19,0,9,7.130082323260097
3717,16,20,0,9,6.900278503383987
3718,16,21,0,9,8.587047144706212
3719,16,22,0,9,7.115379254722653
3720,16,23,0,9,7.000470408237802
3721,16,24,0,9,
3722,16,25,0,9,
3723,16,26,0,9,
3724,16,27,0,9,
3725,17,18,0,9,4.990460824380872
3726,17,19,0,9,6.999032868171252
3727,17,20,0,9,9.218108195314167
3728,17,21,0,9,9.926278965962593
3729,17,22,0,9,5.923898130948529
3730,17,23,0,9,7.1169349277011555
3731,17,24,0,9,
3732,17,25,0,9,
3733,17,26,0,9,
3734,17,27,0,9,
3735,18,19,0,9,3.6514221791196486
3736,18,20,0,9,4.971719275753581
3737,18,21,0,9,6.7276561426187715
3738,18,22,0,9,6.832667719398388
3739,18,23,0,9,4.038952069141343
3740,18,24,0,9,
3741,18,25,0,9,
3742,18,26,0,9,
3743,18,27,0,9,
3744,19,20,0,9,6.900278503383988
3745,19,21,0,9,8.587047144706212
3746,19,22,0,9,7.115379254722654
3747,19,23,0,9,7.000470408237802
3748,19,24,0,9,
3749,19,25,0,9,
3750,19,26,0,9,
3751,19,27,0,9,
3752,20,21,0,9,7.588123936665555
3753,20,22,0,9,3.830161095958313
3754,20,23,0,9,4.98658894791201
3755,20,24,0,9,
3756,20,25,0,9,
3757,20,26,0,9,
3758,20,27,0,9,
3759,21,22,0,9,8.846410206498744
3760,21,23,0,9,7.585725327191567
3761,21,24,0,9,
3762,21,25,0,9,
3763,21,26,0,9,
3764,21,27,0,9,
3765,22,23,0,9,9.890289804884118
3766,22,24,0,9,
3767,22,25,0,9,
3768,22,26,0,9,
3769,22,27,0,9,
3770,23,24,0,9,
3771,23,25,0,9,
3772,23,26,0,9,
3773,23,27,0,9,
3774,24,25,0,9,4.932874972852503
3775,24,26,0,9,2.8670439939612495
3776,24,27,0,9,7.854001131569911
3777,25,26,0,9,1.087209389737225
3778,25,27,0,9,4.931667847874583
3779,26,27,0,9,8.52275574627938
3780,0,1,0,10,2.896603936418015
3781,0,2,0,10,3.129322758616519
3782,0,3,0,10,4.322407486751319
3783,0,4,0,10,4.191128068690392
3784,0,5,0,10,5.748538277571899e-30
3785,0,6,0,10,4.7783181082587936
3786,0,7,0,10,2.896603936418013
3787,0,8,0,10,
3788,0,9,0,10,
3789,0,10,0,10,
3790,0,11,0,10,
3791,0,12,0,10,
3792,0,13,0,10,
3793,0,14,0,10,
3794,0,15,0,10,
3795,0,16,0,10,
3796,0,17,0,10,
3797,0,18,0,10,
3798,0,19,0,10,
3799,0,20,0,10,
3800,0,21,0,10,
3801,0,22,0,10,
3802,0,23,0,10,
3803,0,24,0,10,
3804,0,25,0,10,
3805,0,26,0,10,
3806,0,27,0,10,
3807,1,2,0,10,1.494306565337756e-29
3808,1,3,0,10,3.3847732686093903
3809,1,4,0,10,4.808880596493163
3810,1,5,0,10,3.1293227586165173
3811,1,6,0,10,2.864746502220633
3812,1,7,0,10,1.7419977603181391
3813,1,8,0,10,
3814,1,9,0,10,
3815,1,10,0,10,
3816,1,11,0,10,
3817,1,12,0,10,
3818,1,13,0,10,
3819,1,14,0,10,
3820,1,15,0,10,
3821,1,16,0,10,
3822,1,17,0,10,
3823,1,18,0,10,
3824,1,19,0,10,
3825,1,20,0,10,
3826,1,21,0,10,
3827,1,22,0,10,
3828,1,23,0,10,
3829,1,24,0,10,
3830,1,25,0,10,
3831,1,26,0,10,
3832,1,27,0,10,
3833,2,3,0,10,2.864034465746604
3834,2,4,0,10,4.32296947628452
3835,2,5,0,10,2.8966039364180123
3836,2,6,0,10,3.3690677919731846
3837,2,7,0,10,1.2440985821194262e-29
3838,2,8,0,10,
3839,2,9,0,10,
3840,2,10,0,10,
3841,2,11,0,10,
3842,2,12,0,10,
3843,2,13,0,10,
3844,2,14,0,10,
3845,2,15,0,10,
3846,2,16,0,10,
3847,2,17,0,10,
3848,2,18,0,10,
3849,2,19,0,10,
3850,2,20,0,10,
3851,2,21,0,10,
3852,2,22,0,10,
3853,2,23,0,10,
3854,2,24,0,10,
3855,2,25,0,10,
3856,2,26,0,10,
3857,2,27,0,10,
3858,3,4,0,10,3.138312312298028
3859,3,5,0,10,4.778318108258793
3860,3,6,0,10,8.117508744176214e-30
3861,3,7,0,10,3.3690677919731855
3862,3,8,0,10,
3863,3,9,0,10,
3864,3,10,0,10,
3865,3,11,0,10,
3866,3,12,0,10,
3867,3,13,0,10,
3868,3,14,0,10,
3869,3,15,0,10,
3870,3,16,0,10,
3871,3,17,0,10,
3872,3,18,0,10,
3873,3,19,0,10,
3874,3,20,0,10,
3875,3,21,0,10,
3876,3,22,0,10,
3877,3,23,0,10,
3878,3,24,0,10,
3879,3,25,0,10,
3880,3,26,0,10,
3881,3,27,0,10,
3882,4,5,0,10,5.565542834677776
3883,4,6,0,10,2.893541268988344
3884,4,7,0,10,4.238803141117913
3885,4,8,0,10,
3886,4,9,0,10,
3887,4,10,0,10,
3888,4,11,0,10,
3889,4,12,0,10,
3890,4,13,0,10,
3891,4,14,0,10,
3892,4,15,0,10,
3893,4,16,0,10,
3894,4,17,0,10,
3895,4,18,0,10,
3896,4,19,0,10,
3897,4,20,0,10,
3898,4,21,0,10,
3899,4,22,0,10,
3900,4,23,0,10,
3901,4,24,0,10,
3902,4,25,0,10,
3903,4,26,0,10,
3904,4,27,0,10,
3905,5,6,0,10,4.315728803308549
3906,5,7,0,10,3.134715798605266
3907,5,8,0,10,
3908,5,9,0,10,
3909,5,10,0,10,
3910,5,11,0,10,
3911,5,12,0,10,
3912,5,13,0,10,
3913,5,14,0,10,
3914,5,15,0,10,
3915,5,16,0,10,
3916,5,17,0,10,
3917,5,18,0,10,
3918,5,19,0,10,
3919,5,20,0,10,
3920,5,21,0,10,
3921,5,22,0,10,
3922,5,23,0,10,
3923,5,24,0,10,
3924,5,25,0,10,
3925,5,26,0,10,
3926,5,27,0,10,
3927,6,7,0,10,2.8640344657466046
3928,6,8,0,10,
3929,6,9,0,10,
3930,6,10,0,10,
3931,6,11,0,10,
3932,6,12,0,10,
3933,6,13,0,10,
3934,6,14,0,10,
3935,6,15,0,10,
3936,6,16,0,10,
3937,6,17,0,10,
3938,6,18,0,10,
3939,6,19,0,10,
3940,6,20,0,10,
3941,6,21,0,10,
3942,6,22,0,10,
3943,6,23,0,10,
3944,6,24,0,10,
3945,6,25,0,10,
3946,6,26,0,10,
3947,6,27,0,10,
3948,7,8,0,10,
3949,7,9,0,10,
3950,7,10,0,10,
3951,7,11,0,10,
3952,7,12,0,10,
3953,7,13,0,10,
3954,7,14,0,10,
3955,7,15,0,10,
3956,7,16,0,10,
3957,7,17,0,10,
3958,7,18,0,10,
3959,7,19,0,10,
3960,7,20,0,10,
3961,7,21,0,10,
3962,7,22,0,10,
3963,7,23,0,10,
3964,7,24,0,10,
3965,7,25,0,10,
3966,7,26,0,10,
3967,7,27,0,10,
3968,8,9,0,10,3.877919525564151
3969,8,10,0,10,3.2330885479766933
3970,8,11,0,10,3.376101485763738
3971,8,12,0,10,4.301349353549541
3972,8,13,0,10,5.314436326482793
3973,8,14,0,10,4.399136949374283
3974,8,15,0,10,4.30134935354954
3975,8,16,0,10,
3976,8,17,0,10,
3977,8,18,0,10,
3978,8,19,0,10,
3979,8,20,0,10,
3980,8,21,0,10,
3981,8,22,0,10,
3982,8,23,0,10,
3983,8,24,0,10,
3984,8,25,0,10,
3985,8,26,0,10,
3986,8,27,0,10,
3987,9,10,0,10,5.131887239234204
3988,9,11,0,10,4.3013493535495435
3989,9,12,0,10,3.3761014857637397
3990,9,13,0,10,5.387724549720643
3991,9,14,0,10,3.8779195255641556
3992,9,15,0,10,3.376101485763738
3993,9,16,0,10,
3994,9,17,0,10,
3995,9,18,0,10,
3996,9,19,0,10,
3997,9,20,0,10,
3998,9,21,0,10,
3999,9,22,0,10,
4000,9,23,0,10,
4001,9,24,0,10,
4002,9,25,0,10,
4003,9,26,0,10,
4004,9,27,0,10,
4005,10,11,0,10,5.361476941194836
4006,10,12,0,10,6.079457794769164e-30
4007,10,13,0,10,3.9339569861729835
4008,10,14,0,10,3.2155857950972275
4009,10,15,0,10,9.84403092734536e-30
4010,10,16,0,10,
4011,10,17,0,10,
4012,10,18,0,10,
4013,10,19,0,10,
4014,10,20,0,10,
4015,10,21,0,10,
4016,10,22,0,10,
4017,10,23,0,10,
4018,10,24,0,10,
4019,10,25,0,10,
4020,10,26,0,10,
4021,10,27,0,10,
4022,11,12,0,10,4.894075772920241
4023,11,13,0,10,4.2880883932075635
4024,11,14,0,10,5.353626388261583
4025,11,15,0,10,4.89407577292024
4026,11,16,0,10,
4027,11,17,0,10,
4028,11,18,0,10,
4029,11,19,0,10,
4030,11,20,0,10,
4031,11,21,0,10,
4032,11,22,0,10,
4033,11,23,0,10,
4034,11,24,0,10,
4035,11,25,0,10,
4036,11,26,0,10,
4037,11,27,0,10,
4038,12,13,0,10,3.9271480274995376
4039,12,14,0,10,4.310932141405483
4040,12,15,0,10,4.959245596486333
4041,12,16,0,10,
4042,12,17,0,10,
4043,12,18,0,10,
4044,12,19,0,10,
4045,12,20,0,10,
4046,12,21,0,10,
4047,12,22,0,10,
4048,12,23,0,10,
4049,12,24,0,10,
4050,12,25,0,10,
4051,12,26,0,10,
4052,12,27,0,10,
4053,13,14,0,10,4.264906130406593
4054,13,15,0,10,3.0534719105048205
4055,13,16,0,10,
4056,13,17,0,10,
4057,13,18,0,10,
4058,13,19,0,10,
4059,13,20,0,10,
4060,13,21,0,10,
4061,13,22,0,10,
4062,13,23,0,10,
4063,13,24,0,10,
4064,13,25,0,10,
4065,13,26,0,10,
4066,13,27,0,10,
4067,14,15,0,10,4.301349353549541
4068,14,16,0,10,
4069,14,17,0,10,
4070,14,18,0,10,
4071,14,19,0,10,
4072,14,20,0,10,
4073,14,21,0,10,
4074,14,22,0,10,
4075,14,23,0,10,
4076,14,24,0,10,
4077,14,25,0,10,
4078,14,26,0,10,
4079,14,27,0,10,
4080,15,16,0,10,
4081,15,17,0,10,
4082,15,18,0,10,
4083,15,19,0,10,
4084,15,20,0,10,
4085,15,21,0,10,
4086,15,22,0,10,
4087,15,23,0,10,
4088,15,24,0,10,
4089,15,25,0,10,
4090,15,26,0,10,
4091,15,27,0,10,
4092,16,17,0,10,8.768627872827201
4093,16,18,0,10,3.774809566965004
4094,16,19,0,10,10.49992172698934
4095,16,20,0,10,5.893423153575891
4096,16,21,0,10,5.5114378328597935e-30
4097,16,22,0,10,8.580700868664827
4098,16,23,0,10,8.7686278728272
4099,16,24,0,10,
4100,16,25,0,10,
4101,16,26,0,10,
4102,16,27,0,10,
4103,17,18,0,10,4.976665294430983
4104,17,19,0,10,8.78539395015682
4105,17,20,0,10,7.102336014817158
4106,17,21,0,10,3.7647316863306193
4107,17,22,0,10,7.66375547078563
4108,17,23,0,10,10.554660236850982
4109,17,24,0,10,
4110,17,25,0,10,
4111,17,26,0,10,
4112,17,27,0,10,
4113,18,19,0,10,6.814610342414587
4114,18,20,0,10,4.9683927235903935
4115,18,21,0,10,7.6640977975005615
4116,18,22,0,10,6.0241120100975
4117,18,23,0,10,6.981188558963104
4118,18,24,0,10,
4119,18,25,0,10,
4120,18,26,0,10,
4121,18,27,0,10,
4122,19,20,0,10,5.893423153575889
4123,19,21,0,10,2.6934648929307015e-30
4124,19,22,0,10,8.580700868664827
4125,19,23,0,10,8.7686278728272
4126,19,24,0,10,
4127,19,25,0,10,
4128,19,26,0,10,
4129,19,27,0,10,
4130,20,21,0,10,9.913225135056049
4131,20,22,0,10,3.751770433041557
4132,20,23,0,10,7.080592388545359
4133,20,24,0,10,
4134,20,25,0,10,
4135,20,26,0,10,
4136,20,27,0,10,
4137,21,22,0,10,7.088532664274604
4138,21,23,0,10,3.752989641054629
4139,21,24,0,10,
4140,21,25,0,10,
4141,21,26,0,10,
4142,21,27,0,10,
4143,22,23,0,10,3.818066633379771
4144,22,24,0,10,
4145,22,25,0,10,
4146,22,26,0,10,
4147,22,27,0,10,
4148,23,24,0,10,
4149,23,25,0,10,
4150,23,26,0,10,
4151,23,27,0,10,
4152,24,25,0,10,2.8670439939612495
4153,24,26,0,10,4.939132931348806
4154,24,27,0,10,2.0349667787006282e-29
4155,25,26,0,10,7.835045181883912
4156,25,27,0,10,2.8820350572076183
4157,26,27,0,10,4.939132931348802
4158,0,1,0,11,3.0214464983700267
4159,0,2,0,11,2.889205246384219
4160,0,3,0,11,4.242274170247066
4161,0,4,0,11,5.554231330878688
4162,0,5,0,11,1.748459451356384
4163,0,6,0,11,4.362206491971468
4164,0,7,0,11,3.021446498370025
4165,0,8,0,11,
4166,0,9,0,11,
4167,0,10,0,11,
4168,0,11,0,11,
4169,0,12,0,11,
4170,0,13,0,11,
4171,0,14,0,11,
4172,0,15,0,11,
4173,0,16,0,11,
4174,0,17,0,11,
4175,0,18,0,11,
4176,0,19,0,11,
4177,0,20,0,11,
4178,0,21,0,11,
4179,0,22,0,11,
4180,0,23,0,11,
4181,0,24,0,11,
4182,0,25,0,11,
4183,0,26,0,11,
4184,0,27,0,11,
4185,1,2,0,11,2.8234868020269053
4186,1,3,0,11,4.211441141652095
4187,1,4,0,11,4.22645545620483
4188,1,5,0,11,2.906624082630823
4189,1,6,0,11,4.209199141201812
4190,1,7,0,11,3.2950208725722447
4191,1,8,0,11,
4192,1,9,0,11,
4193,1,10,0,11,
4194,1,11,0,11,
4195,1,12,0,11,
4196,1,13,0,11,
4197,1,14,0,11,
4198,1,15,0,11,
4199,1,16,0,11,
4200,1,17,0,11,
4201,1,18,0,11,
4202,1,19,0,11,
4203,1,20,0,11,
4204,1,21,0,11,
4205,1,22,0,11,
4206,1,23,0,11,
4207,1,24,0,11,
4208,1,25,0,11,
4209,1,26,0,11,
4210,1,27,0,11,
4211,2,3,0,11,4.209257557096141
4212,2,4,0,11,4.364096874089254
4213,2,5,0,11,3.007050205949496
4214,2,6,0,11,4.208070916731819
4215,2,7,0,11,2.821633996149063
4216,2,8,0,11,
4217,2,9,0,11,
4218,2,10,0,11,
4219,2,11,0,11,
4220,2,12,0,11,
4221,2,13,0,11,
4222,2,14,0,11,
4223,2,15,0,11,
4224,2,16,0,11,
4225,2,17,0,11,
4226,2,18,0,11,
4227,2,19,0,11,
4228,2,20,0,11,
4229,2,21,0,11,
4230,2,22,0,11,
4231,2,23,0,11,
4232,2,24,0,11,
4233,2,25,0,11,
4234,2,26,0,11,
4235,2,27,0,11,
4236,3,4,0,11,3.002827960564055
4237,3,5,0,11,4.356725744370735
4238,3,6,0,11,3.291210692269311
4239,3,7,0,11,4.209816941207414
4240,3,8,0,11,
4241,3,9,0,11,
4242,3,10,0,11,
4243,3,11,0,11,
4244,3,12,0,11,
4245,3,13,0,11,
4246,3,14,0,11,
4247,3,15,0,11,
4248,3,16,0,11,
4249,3,17,0,11,
4250,3,18,0,11,
4251,3,19,0,11,
4252,3,20,0,11,
4253,3,21,0,11,
4254,3,22,0,11,
4255,3,23,0,11,
4256,3,24,0,11,
4257,3,25,0,11,
4258,3,26,0,11,
4259,3,27,0,11,
4260,4,5,0,11,4.736728037528528
4261,4,6,0,11,2.906681448324906
4262,4,7,0,11,4.768575822126606
4263,4,8,0,11,
4264,4,9,0,11,
4265,4,10,0,11,
4266,4,11,0,11,
4267,4,12,0,11,
4268,4,13,0,11,
4269,4,14,0,11,
4270,4,15,0,11,
4271,4,16,0,11,
4272,4,17,0,11,
4273,4,18,0,11,
4274,4,19,0,11,
4275,4,20,0,11,
4276,4,21,0,11,
4277,4,22,0,11,
4278,4,23,0,11,
4279,4,24,0,11,
4280,4,25,0,11,
4281,4,26,0,11,
4282,4,27,0,11,
4283,5,6,0,11,4.227313933106698
4284,5,7,0,11,2.894985970785897
4285,5,8,0,11,
4286,5,9,0,11,
4287,5,10,0,11,
4288,5,11,0,11,
4289,5,12,0,11,
4290,5,13,0,11,
4291,5,14,0,11,
4292,5,15,0,11,
4293,5,16,0,11,
4294,5,17,0,11,
4295,5,18,0,11,
4296,5,19,0,11,
4297,5,20,0,11,
4298,5,21,0,11,
4299,5,22,0,11,
4300,5,23,0,11,
4301,5,24,0,11,
4302,5,25,0,11,
4303,5,26,0,11,
4304,5,27,0,11,
4305,6,7,0,11,4.214024757060902
4306,6,8,0,11,
4307,6,9,0,11,
4308,6,10,0,11,
4309,6,11,0,11,
4310,6,12,0,11,
4311,6,13,0,11,
4312,6,14,0,11,
4313,6,15,0,11,
4314,6,16,0,11,
4315,6,17,0,11,
4316,6,18,0,11,
4317,6,19,0,11,
4318,6,20,0,11,
4319,6,21,0,11,
4320,6,22,0,11,
4321,6,23,0,11,
4322,6,24,0,11,
4323,6,25,0,11,
4324,6,26,0,11,
4325,6,27,0,11,
4326,7,8,0,11,
4327,7,9,0,11,
4328,7,10,0,11,
4329,7,11,0,11,
4330,7,12,0,11,
4331,7,13,0,11,
4332,7,14,0,11,
4333,7,15,0,11,
4334,7,16,0,11,
4335,7,17,0,11,
4336,7,18,0,11,
4337,7,19,0,11,
4338,7,20,0,11,
4339,7,21,0,11,
4340,7,22,0,11,
4341,7,23,0,11,
4342,7,24,0,11,
4343,7,25,0,11,
4344,7,26,0,11,
4345,7,27,0,11,
4346,8,9,0,11,3.9336930588721275
4347,8,10,0,11,4.296943068215766
4348,8,11,0,11,5.344429810376006
4349,8,12,0,11,2.349125402828642
4350,8,13,0,11,4.290329841029301
4351,8,14,0,11,1.9606664274240546
4352,8,15,0,11,2.3491254028286397
4353,8,16,0,11,
4354,8,17,0,11,
4355,8,18,0,11,
4356,8,19,0,11,
4357,8,20,0,11,
4358,8,21,0,11,
4359,8,22,0,11,
4360,8,23,0,11,
4361,8,24,0,11,
4362,8,25,0,11,
4363,8,26,0,11,
4364,8,27,0,11,
4365,9,10,0,11,4.282651021636807
4366,9,11,0,11,2.3491254028286437
4367,9,12,0,11,5.344429810376007
4368,9,13,0,11,4.835550043541605
4369,9,14,0,11,3.9336930588721266
4370,9,15,0,11,5.344429810376005
4371,9,16,0,11,
4372,9,17,0,11,
4373,9,18,0,11,
4374,9,19,0,11,
4375,9,20,0,11,
4376,9,21,0,11,
4377,9,22,0,11,
4378,9,23,0,11,
4379,9,24,0,11,
4380,9,25,0,11,
4381,9,26,0,11,
4382,9,27,0,11,
4383,10,11,0,11,4.30364819275525
4384,10,12,0,11,4.429502208796038
4385,10,13,0,11,3.1959777311313564
4386,10,14,0,11,4.316658997337883
4387,10,15,0,11,4.429502208796033
4388,10,16,0,11,
4389,10,17,0,11,
4390,10,18,0,11,
4391,10,19,0,11,
4392,10,20,0,11,
4393,10,21,0,11,
4394,10,22,0,11,
4395,10,23,0,11,
4396,10,24,0,11,
4397,10,25,0,11,
4398,10,26,0,11,
4399,10,27,0,11,
4400,11,12,0,11,4.843407263498251
4401,11,13,0,11,3.363705250869116
4402,11,14,0,11,3.3825238346931905
4403,11,15,0,11,4.843407263498251
4404,11,16,0,11,
4405,11,17,0,11,
4406,11,18,0,11,
4407,11,19,0,11,
4408,11,20,0,11,
4409,11,21,0,11,
4410,11,22,0,11,
4411,11,23,0,11,
4412,11,24,0,11,
4413,11,25,0,11,
4414,11,26,0,11,
4415,11,27,0,11,
4416,12,13,0,11,3.048089836018115
4417,12,14,0,11,2.233860393532762
4418,12,15,0,11,1.96085125530088
4419,12,16,0,11,
4420,12,17,0,11,
4421,12,18,0,11,
4422,12,19,0,11,
4423,12,20,0,11,
4424,12,21,0,11,
4425,12,22,0,11,
4426,12,23,0,11,
4427,12,24,0,11,
4428,12,25,0,11,
4429,12,26,0,11,
4430,12,27,0,11,
4431,13,14,0,11,5.363891119512489
4432,13,15,0,11,3.8838562765102385
4433,13,16,0,11,
4434,13,17,0,11,
4435,13,18,0,11,
4436,13,19,0,11,
4437,13,20,0,11,
4438,13,21,0,11,
4439,13,22,0,11,
4440,13,23,0,11,
4441,13,24,0,11,
4442,13,25,0,11,
4443,13,26,0,11,
4444,13,27,0,11,
4445,14,15,0,11,2.349125402828643
4446,14,16,0,11,
4447,14,17,0,11,
4448,14,18,0,11,
4449,14,19,0,11,
4450,14,20,0,11,
4451,14,21,0,11,
4452,14,22,0,11,
4453,14,23,0,11,
4454,14,24,0,11,
4455,14,25,0,11,
4456,14,26,0,11,
4457,14,27,0,11,
4458,15,16,0,11,
4459,15,17,0,11,
4460,15,18,0,11,
4461,15,19,0,11,
4462,15,20,0,11,
4463,15,21,0,11,
4464,15,22,0,11,
4465,15,23,0,11,
4466,15,24,0,11,
4467,15,25,0,11,
4468,15,26,0,11,
4469,15,27,0,11,
4470,16,17,0,11,6.900278503383989
4471,16,18,0,11,7.000470408237795
4472,16,19,0,11,4.0694494857071515
4473,16,20,0,11,9.89453078217895
4474,16,21,0,11,9.215515184045223
4475,16,22,0,11,4.996809693285152
4476,16,23,0,11,6.900278503383989
4477,16,24,0,11,
4478,16,25,0,11,
4479,16,26,0,11,
4480,16,27,0,11,
4481,17,18,0,11,7.116934927701146
4482,17,19,0,11,6.902367468652456
4483,17,20,0,11,8.579762547090963
4484,17,21,0,11,6.90514253807088
4485,17,22,0,11,3.831320339162708
4486,17,23,0,11,9.218108195314162
4487,17,24,0,11,
4488,17,25,0,11,
4489,17,26,0,11,
4490,17,27,0,11,
4491,18,19,0,11,3.82738464414217
4492,18,20,0,11,8.518194268921281
4493,18,21,0,11,7.585725327191566
4494,18,22,0,11,9.898055113492678
4495,18,23,0,11,4.971719275753575
4496,18,24,0,11,
4497,18,25,0,11,
4498,18,26,0,11,
4499,18,27,0,11,
4500,19,20,0,11,9.894530782178954
4501,19,21,0,11,9.215515184045223
4502,19,22,0,11,4.996809693285152
4503,19,23,0,11,6.9002785033839915
4504,19,24,0,11,
4505,19,25,0,11,
4506,19,26,0,11,
4507,19,27,0,11,
4508,20,21,0,11,3.6751334571277394
4509,20,22,0,11,8.77643883227061
4510,20,23,0,11,8.554427864495349
4511,20,24,0,11,
4512,20,25,0,11,
4513,20,26,0,11,
4514,20,27,0,11,
4515,21,22,0,11,8.84486165196359
4516,21,23,0,11,6.727656142618774
4517,21,24,0,11,
4518,21,25,0,11,
4519,21,26,0,11,
4520,21,27,0,11,
4521,22,23,0,11,7.629826145539825
4522,22,24,0,11,
4523,22,25,0,11,
4524,22,26,0,11,
4525,22,27,0,11,
4526,23,24,0,11,
4527,23,25,0,11,
4528,23,26,0,11,
4529,23,27,0,11,
4530,24,25,0,11,2.8670439939612495
4531,24,26,0,11,4.932874972852507
4532,24,27,0,11,1.0888621052641623
4533,25,26,0,11,7.840949532284514
4534,25,27,0,11,2.8694810075540276
4535,26,27,0,11,4.932874972852505
